apo_pdb,uniprot,holo_pdb,pocket_site_id,jaccard,crypticity_index
1bhs,P14061,1a27,P14061_site20,0.4444444444444444,1.0287504445198663
1bhs,P14061,1fdt,P14061_site27,0.5714285714285714,2.0883743894626456
1g1o,P02766,1bm7,P02766_site64,0.3103448275862069,5.783341804061884
1g1o,P02766,1z7j,P02766_site23,0.2222222222222222,5.177761249535144
1j8f,Q8IXJ6,4x3o,Q8IXJ6_site55,0.42857142857142855,2.5357607364487045
1j8f,Q8IXJ6,4x3p,Q8IXJ6_site56,0.3333333333333333,5.157438462126295
1j8f,Q8IXJ6,4rmh,Q8IXJ6_site21,0.20689655172413793,2.594448518700837
1muf,Q8WTS6,4jds,Q8WTS6_site9,0.38095238095238093,3.9351170078945086
1t9r,O76074,3shz,O76074_site19,0.24242424242424243,1.1833199200610562
1vr2,P35968,2oh4,P35968_site10,0.5769230769230769,2.2949214014312824
1xgd,P15121,1abn,P15121_site20,0.3181818181818182,0.7868383021998608
1xgd,P15121,1ads,P15121_site38,0.4411764705882353,3.7197147976430167
1xqz,P11309,1xr1,P11309_site5,0.5517241379310345,2.127314018305692
2b23,P03372,1sj0,P03372_site4,0.6923076923076923,6.784820868404733
2b23,P03372,5tm4,P03372_site76,0.2222222222222222,2.2731611106250185
2frs,P29373,4qgw,P29373_site1,0.35294117647058826,1.6659899637041138
2he7,Q9Y2J2,5rym,Q9Y2J2_site20,0.8888888888888888,3.0024785474901488
2he7,Q9Y2J2,5ryp,Q9Y2J2_site4,0.6,3.3746944961424283
2he7,Q9Y2J2,5rza,Q9Y2J2_site19,0.6363636363636364,2.317289232625747
2he7,Q9Y2J2,5rzf,Q9Y2J2_site13,0.21428571428571427,2.000246785703113
2o8y,Q9NWZ3,6eg9,Q9NWZ3_site163,0.375,4.616018447885306
2w5h,P51955,2wqo,P51955_site16,0.625,1.710778578319683
2yjr,Q9UM73,4fny,Q9UM73_site37,0.43478260869565216,3.196030620744028
2z6w,P30405,3r49,P30405_site2,0.3333333333333333,1.4635009987288905
3a7g,Q9Y6E0,4w8d,Q9Y6E0_site52,0.5555555555555556,1.7945314053421118
3blj,Q460N3,7f43,Q460N3_site2,0.4827586206896552,1.0334819267309323
3bv9,P00734,1awf,P00734_site2,0.6296296296296297,10.109900484677496
3db3,Q96T88,4qqd,Q96T88_site109,0.3333333333333333,0.737120522207893
3dlm,Q15047,8g5e,Q15047_site6,0.3333333333333333,0.3597614917790152
3jzg,O75530,7qk4,O75530_site3,0.5,2.149445675116508
3lck,P06239,2ofv,P06239_site69,0.4074074074074074,2.1780879120363528
3lnz,Q00987,4jve,Q00987_site17,0.2222222222222222,2.1082054046452763
3p08,Q06187,5t18,Q06187_site171,0.36363636363636365,1.2579559399894813
3q6u,P08581,3c1x,P08581_site374,0.5,2.706240029593323
3vjb,P37268,3v66,P37268_site150,0.5277777777777778,1.000828051273275
3x13,P01889,7rzj,P61769_site20,0.25,6.101738758363156
3zgc,Q14145,6v6z,Q14145_site42,0.20689655172413793,1.1205292871918593
4c6b,P27708,4c6k,P27708_site1,0.4117647058823529,2.285097964484068
4gpi,P18669,5y2i,P18669_site47,0.25925925925925924,1.6488263661737537
4k86,P07814,4hvc,P07814_site80,0.5555555555555556,3.502228086777649
4nb3,P27694,4ijh,P27694_site75,0.5625,3.1654060593162194
4nb3,P27694,4ijh,P27694_site78,0.2857142857142857,1.9936008080498129
4r0x,Q13451,4tw6,Q13451_site4,0.47619047619047616,3.1013340902639794
4xg2,P43405,3tub,P43405_site315,0.4838709677419355,1.384859005941168
5nia,P09960,8rx7,P09960_site21,0.5,0.5539092820872301
5t7t,O00214,5t7i,O00214_site13,0.4,6.077396016528691
6aa3,P36639,8i18,P36639_site2,0.6086956521739131,3.489605261010753
6ace,Q9NXA8,5bwl,Q9NXA8_site110,0.29411764705882354,2.695962165240806
6ace,Q9NXA8,5xhs,Q9NXA8_site136,0.2,0.8334049349695462
6ace,Q9NXA8,6eqs,Q9NXA8_site61,0.28,2.0834610110235423
6cqe,Q92918,7siu,Q92918_site2,0.6666666666666666,1.864965644492792
6f4m,Q8N371,3uyj,Q8N371_site1,0.3235294117647059,0.4608158609432581
6g0s,O60885,5oww,O60885_site108,0.2553191489361702,1.822197525674224
6g0s,O60885,5egu,O60885_site135,0.2916666666666667,2.68351947001759
6g0s,O60885,4o70,O60885_site37,0.46153846153846156,7.315516994241098
6g0s,O60885,4o7e,O60885_site204,0.4,2.5732834817402144
6pxo,P48730,5mqv,P48730_site9,0.4473684210526316,5.241624476470877
6qfl,O14733,5z1d,O14733_site5,0.38095238095238093,4.303466513269592
6qfl,O14733,6yz4,O14733_site151,0.2,6.674336354158313
6z6z,P80188,1x89,P80188_site285,0.3333333333333333,1.6391559628156402
7rx7,Q86U44,5l6d,Q9HCE5_site1,0.7777777777777778,9.620361631314887
8elm,P30043,1he3,P30043_site3,0.3333333333333333,1.2513891227479372
