protein_family,n_sites,median_crypticity,mean_crypticity,diversity_rho,diversity_p
Belongs to the beta-2-microglobulin family,877,1.5110774544219228,1.9121885849622213,0.16220735555332047,1.3735773350266647e-06
Belongs to the aldehyde dehydrogenase family,476,1.3851763752749777,1.6357623702830542,0.298858038847661,2.8160247792601128e-11
Belongs to the protein kinase superfamily. CMGC Ser/Thr protein kinase family. CDC2/CDKX subfamily,398,1.5766479290606994,2.036344826419436,0.5806772850079901,2.9668887889502527e-37
Belongs to the peptidase S1 family,397,1.7026220145379023,2.16379152365529,0.6374606678438054,1.171428869670044e-46
Belongs to the Bcl-2 family,331,1.4526845239017387,1.8839697359600014,0.49974781792180034,2.5822256439733065e-22
Belongs to the pyruvate kinase family,315,1.519669199821189,1.8548346601419774,0.40294305025647065,9.999206069828773e-14
Belongs to the nuclear hormone receptor family. NR1 subfamily,313,1.817400432453772,2.4953825710294284,0.5076000711754237,6.6791508362173665e-22
Belongs to the DNA polymerase type-X family,313,1.7042958517297782,2.260580902337404,0.6504917959864572,4.8595729846319154e-39
Belongs to the 14-3-3 family,312,1.9185095386242597,2.323190718004424,0.6300531650612964,6.416680905303277e-36
Belongs to the ferritin family,283,1.3364374099499958,1.6074274432093119,0.2672942775596554,5.117278336172277e-06
Belongs to the Cu-Zn superoxide dismutase family,271,1.3881838205847017,1.786851522713829,0.3831574902835453,6.608408931290676e-11
Belongs to the protein-tyrosine phosphatase family. Non-receptor class 2 subfamily,254,1.5977474949853518,2.147030853673267,0.5670181459417111,5.2261757921349086e-23
Belongs to the peptidase C14A family,248,1.2159420850306546,1.6688121582835458,0.6285490584111274,1.1335337852567242e-28
Belongs to the PI3/PI4-kinase family,223,1.4596979267897636,1.7943990277289716,0.42102696579525223,5.402943724102889e-11
Belongs to the alpha-carbonic anhydrase family,222,1.6043998261524604,2.2446727416294934,0.6346127672032287,2.0108500095203412e-26
Belongs to the peptidase A1 family,217,1.7719782558464776,2.425223458053662,0.5716527914411905,3.1655718664231994e-20
Belongs to the BET family,211,1.5627122899517585,2.1571554986922608,0.46836312890400134,6.677256592630355e-13
Belongs to the ALB/AFP/VDB family,205,2.1538447779347845,2.9084658046431695,0.6201504026440448,3.5668433695146006e-23
Belongs to the ubiquitin family,198,1.1184162016665424,1.661567275578971,0.36992248292775964,8.148546543832467e-08
Belongs to the heat shock protein 70 family,197,1.500971039258691,1.8165652398498495,0.38098731339945,3.330551221785356e-08
Belongs to the calycin superfamily. Fatty-acid binding protein (FABP) family,187,1.5288543140028288,1.8465271008167803,0.44894748528152806,1.160194404259253e-10
Belongs to the cyclic nucleotide phosphodiesterase family,176,1.900020839636277,2.3113032743164985,0.34551220138063005,2.6461764617802264e-06
Belongs to the pyrroline-5-carboxylate reductase family,174,1.5656629578053196,1.8585581097159685,0.38594500489400424,1.444588412024931e-07
Belongs to the protein kinase superfamily. CMGC Ser/Thr protein kinase family. MAP kinase subfamily,169,2.290264760131599,2.8532005747099523,0.534710641630844,6.977615600237319e-14
Belongs to the p53 family,166,1.1133609633067136,1.4094093854314673,0.5431365890639034,4.02294115845481e-14
Belongs to the Nudix hydrolase family,165,1.6812721917848237,1.9507186516379795,0.35058791780665666,3.902118300161571e-06
Belongs to the protein kinase superfamily. STE Ser/Thr protein kinase family. STE20 subfamily,163,1.7251106356177868,2.1031719088763157,0.5215781361301673,9.400404572625363e-13
Belongs to the protein kinase superfamily. Tyr protein kinase family. Fibroblast growth factor receptor subfamily,159,1.5242607875300658,1.716494851531059,0.5209781990220569,1.922975683637107e-12
Belongs to the protein kinase superfamily. Ser/Thr protein kinase family. CK2 subfamily,156,2.219959894780592,2.867189053972448,0.6949669843518065,7.992859134645272e-24
Belongs to the ARTD/PARP family,155,1.2705613604399846,1.592498570381071,0.7149237552097152,1.5004851871478345e-25
Belongs to the PPP phosphatase family. PP-1 subfamily,145,1.3512039041512651,1.8454523686794229,0.507533472868991,7.258140718997274e-11
Belongs to the small GTPase superfamily. Rho family,144,1.3997389716405828,1.683524364049344,0.4560885626172473,9.20450170175365e-09
Belongs to the SRC/p160 nuclear receptor coactivator family,143,1.5318297057981782,1.9102523435409753,0.409554516925255,3.7908771215059854e-07
Belongs to the WD repeat WDR5/wds family,143,1.5290830829204904,2.2503554117000135,0.6682896962541103,7.612983681951096e-20
Belongs to the glutaminyl-peptide cyclotransferase family,142,1.4006914515781468,2.042032694246539,0.6542805801810443,1.0511078239772034e-18
Belongs to the phytoene/squalene synthase family,138,1.3178735589311446,1.6798531902712384,0.16434039951568666,0.05408948826459282
Belongs to the mab-21 family,137,2.110500015604898,2.849490085600119,0.5506210540469054,3.152105992549357e-12
Belongs to the peptidase C1 family,130,1.4896539960334905,1.861382140027275,0.38871615837236856,4.870406431845593e-06
Belongs to the histone H3 family,130,1.0271142031693117,1.1256835911094898,0.08663857527985104,0.32701921580677096
Belongs to the KEAP1 family,130,1.582701233050412,1.9972787321205645,0.49106652704087483,2.9957837149201037e-09
Belongs to the sirtuin family. Class I subfamily,121,1.5935134459557982,2.0959696956753366,0.5733262932248131,6.298355100929179e-12
Belongs to the DNA polymerase type-Y family,116,1.4894375858954731,1.745680331094623,0.29732212430908134,0.0011902675723245027
Belongs to the thymidylate synthase family,115,1.4752233836993147,1.9611050639962357,0.4823437763274286,4.8012929327343646e-08
Belongs to the bacterial solute-binding protein 1 family,114,1.307361845627872,1.6917231374759218,0.06116127133776526,0.5179992806730753
Belongs to the protein kinase superfamily. TKL Ser/Thr protein kinase family. Pelle subfamily,114,1.741258563474721,2.1550146532048475,0.2951513654904993,0.001432814861805518
Belongs to the calmodulin family,114,1.431335451022652,1.840106876183449,0.43612276552881624,1.232728616882299e-06
Belongs to the protein kinase superfamily. CK1 Ser/Thr protein kinase family. Casein kinase I subfamily,114,1.5278035305905935,2.1268296345941997,0.5703227312961947,3.499579459173258e-11
Belongs to the protein kinase superfamily. Ser/Thr protein kinase family. CDC5/Polo subfamily,113,1.42997388279258,1.877465420753526,0.5721200328757686,3.602170604958875e-11
Belongs to the protein-tyrosine phosphatase family. Non-receptor class 1 subfamily,111,2.092267528940775,2.789202207410497,0.777008929730115,1.1995653412186512e-23
Belongs to the MHC class II family,109,1.499273970280807,1.9205465419243524,0.3264536937241718,0.0005314069797617359
Belongs to the peptidase M10A family,109,1.9058480136384768,2.1698236107535336,0.5871716943103955,1.937496062543315e-11
Belongs to the transthyretin family,105,2.16152244750181,2.6907458297608433,0.569483220521347,2.305208582058236e-10
Belongs to the MIF family,105,1.641300406496307,2.083985261479312,0.5918546362945737,2.950381907815951e-11
Belongs to the protein kinase superfamily. Tyr protein kinase family. Ephrin receptor subfamily,103,1.944637064399872,2.173158812256281,0.3658168751948902,0.0001447457192708491
Belongs to the serpin family,101,1.786314124977163,2.0815155558147738,0.33708241931866534,0.0005670023355363345
Belongs to the NAPRTase family,99,2.2096430243867293,2.692152155976871,0.5278579658591379,1.9713236802022346e-08
Belongs to the AdoMet synthase family,97,1.214380229220528,1.538161321266644,0.32397834290823946,0.0012069494252321005
Belongs to the 5'(3')-deoxyribonucleotidase family,96,1.8765636692595553,2.1532857099665255,0.5115166220219783,1.0040411922852988e-07
Belongs to the JHDM3 histone demethylase family,96,1.6376264423311748,1.9357468756910539,0.5821324625943405,4.943144312413956e-10
Belongs to the protein kinase superfamily. Tyr protein kinase family. TEC subfamily,93,1.3140304538313392,1.7989377043547692,0.43670801002605947,1.2069788343288442e-05
Belongs to the histone deacetylase family. HD type 1 subfamily,90,1.750523285165848,2.1316769947361616,0.4767564370940654,2.030571331645736e-06
Belongs to the nuclear hormone receptor family. NR3 subfamily,90,1.8536843695088947,2.331248650460169,0.7101739628658011,4.574000957521965e-15
Belongs to the argonaute family. Ago subfamily,86,1.2590415457699748,1.5942655172896383,0.4910695140792143,1.582186769007584e-06
Belongs to the GST superfamily. Alpha family,86,1.5071234218299974,1.945748704886122,0.5059524648964104,6.716294390554881e-07
Belongs to the protein kinase superfamily. Tyr protein kinase family. SRC subfamily,83,1.2361798374272817,1.4294537429467986,0.32835233911467343,0.0024409653725264973
Belongs to the peptidase S1 family. Plasminogen subfamily,81,1.471788906370301,1.7020835837409527,0.448437385404868,2.68766518080656e-05
In the N-terminal section; belongs to the purine/pyrimidine phosphoribosyltransferase family,79,1.604000084167999,2.266367640890954,0.3988291364138359,0.00027193594229938555
Belongs to the peptidase M24B family. Eukaryotic-type prolidase subfamily,78,1.1078393406281406,1.3246306071128544,0.2913743055839674,0.009647258238128797
Belongs to the cyclic nucleotide phosphodiesterase family. PDE4 subfamily,77,1.5583691540442552,1.7658576598135283,0.2521917544750714,0.026920089010385312
Belongs to the tyrosyl-DNA phosphodiesterase family,76,1.8152677609804346,1.9661824526804226,0.4469414991025227,5.179785518248233e-05
Belongs to the protein arginine deiminase family,76,1.6678116056819117,1.9073472225164438,0.5365831505344824,5.842426931537408e-07
Belongs to the beta-catenin family,72,1.4219847412476936,1.8690000870779153,0.44834295149240505,7.830019393246132e-05
Belongs to the Elongin B family,72,1.6386465438725852,1.9562437373991568,0.3948681006059497,0.0005979415202056586
Belongs to the protein kinase superfamily. CAMK Ser/Thr protein kinase family. DAP kinase subfamily,70,1.2342581064120801,1.5578681398305592,0.5708513555608079,2.4705772961800075e-07
Belongs to the SAMHD1 family,69,1.631059852146716,2.124579279772348,0.45805453047961575,7.570540604231144e-05
Belongs to the peptidase S8 family,66,1.7572565543792233,2.0890017429287955,0.5586042820979072,1.092971037654836e-06
Belongs to the MDM2/MDM4 family,66,1.5315664280951893,1.924627107127897,0.5696972975231128,5.964984112675313e-07
Belongs to the RBR family,64,1.2737494934147013,1.5127663394097546,0.1652908284199324,0.19180308793667677
Belongs to the protein kinase superfamily. Tyr protein kinase family. Insulin receptor subfamily,64,1.4993913123521554,1.705814520987553,0.5756313266430131,6.489400435914927e-07
Belongs to the glycosyl hydrolase 31 family,64,1.4521182394029992,1.5404027680108454,0.3605722754499524,0.0034238928770490952
Belongs to the nuclear hormone receptor family. NR2 subfamily,63,1.0749240634492068,1.279818399849449,0.06970323130806653,0.5872438599664349
Belongs to the small GTPase superfamily. Ras family,63,1.5840769368509011,1.8331411923128722,0.28178112603222527,0.025264870529345715
Belongs to the AB hydrolase superfamily. Epoxide hydrolase family,62,2.1588249228061183,2.669789882865665,0.6032774072679041,2.108156110043508e-07
Belongs to the DNA repair enzymes AP/ExoA family,62,1.7334856355755202,2.071775573498545,0.4994997865731185,3.581010874449812e-05
Belongs to the ADP-ribosyl cyclase family,61,1.5702262573857906,1.8064694879786116,0.6834004409563292,1.2876411212806139e-09
Belongs to the MT-A70-like family,60,2.2574267212774135,2.699285206398579,0.539565827800601,8.640849501073949e-06
Belongs to the AB hydrolase superfamily. Lipase family,59,1.5020197019262356,1.9723393621302177,0.2616530269880889,0.04530448791049973
Belongs to the type-B carboxylesterase/lipase family,58,1.6239960139628322,1.9752415221347026,0.40022371745768287,0.0018526298232155948
Belongs to the calycin superfamily. Lipocalin family,58,1.5865072644339682,1.8833611869355955,0.44030054756709747,0.0005427137032785691
Belongs to the STING family,57,1.6334650089049827,1.9239946383221844,0.4990951908075469,7.755030150365058e-05
Belongs to the arginase family,57,2.028761943370774,2.1899130746704834,0.43136205971843483,0.0008079141141543319
Belongs to the JHDM2 histone demethylase family,56,1.9200538116082537,2.1708627631599167,-0.018829116843959146,0.89044720799559
In the N-terminal section; belongs to the succinate/malate CoA ligase beta subunit family,51,1.676087806906565,2.2323679912169423,0.11911952381606819,0.4050904753499731
Belongs to the glycosyltransferase 6 family,51,1.9197269759398945,2.344887858860508,0.6186520124331154,1.3091644973263202e-06
Belongs to the integrin alpha chain family,51,1.1270445220669771,1.5659996054841379,0.6689564679164133,8.060319210705151e-08
Belongs to the phosphoglycerate mutase family. BPG-dependent PGAM subfamily,51,1.5536229907683554,1.9233242208298744,0.3726121027593276,0.007086790188485678
Belongs to the RRM U1 A/B'' family,50,1.2039687735422429,1.2133862263828126,0.28450713948659545,0.04523314790811566
Belongs to the peptidase S8 family. Furin subfamily,50,1.6666192425734667,1.8914266337217693,0.5925785263622064,5.793719377720903e-06
Belongs to the protein kinase superfamily. Tyr protein kinase family. CSF-1/PDGF receptor subfamily,50,1.6281280413346644,1.7535827711051255,0.3648808838947831,0.009178219206847566
