uniprot,ligand_codes,n_structures_before,kept_pdb_id,kept_resolution,dropped_pdb_ids
Q6PJP8,MLI,277,5Q82,1.2,5Q2A;5Q2B;5Q2C;5Q2D;5Q2E;5Q2F;5Q2G;5Q2H;5Q2I;5Q2J;5Q2K;5Q2L;5Q2M;5Q2N;5Q2O;5Q2P;5Q2Q;5Q2R;5Q2S;5Q2T;5Q2U;5Q2V;5Q2W;5Q2X;5Q2Y;5Q2Z;5Q30;5Q31;5Q32;5Q33;5Q34;5Q35;5Q36;5Q37;5Q38;5Q39;5Q3A;5Q3C;5Q3D;5Q3E;5Q3F;5Q3G;5Q3H;5Q3I;5Q3J;5Q3K;5Q3L;5Q3M;5Q3N;5Q3O;5Q3P;5Q3Q;5Q3R;5Q3S;5Q3T;5Q3U;5Q3V;5Q3W;5Q3X;5Q3Y;5Q3Z;5Q40;5Q41;5Q42;5Q43;5Q44;5Q45;5Q46;5Q47;5Q48;5Q49;5Q4A;5Q4B;5Q4D;5Q4E;5Q4F;5Q4G;5Q4H;5Q4I;5Q4J;5Q4K;5Q4L;5Q4M;5Q4N;5Q4O;5Q4P;5Q4Q;5Q4R;5Q4S;5Q4T;5Q4U;5Q4V;5Q4W;5Q4X;5Q4Y;5Q4Z;5Q50;5Q51;5Q52;5Q53;5Q54;5Q55;5Q56;5Q57;5Q58;5Q59;5Q5A;5Q5B;5Q5C;5Q5D;5Q5E;5Q5F;5Q5G;5Q5H;5Q5I;5Q5J;5Q5L;5Q5M;5Q5N;5Q5O;5Q5P;5Q5Q;5Q5R;5Q5S;5Q5T;5Q5U;5Q5V;5Q5W;5Q5X;5Q5Y;5Q5Z;5Q60;5Q61;5Q62;5Q63;5Q64;5Q65;5Q66;5Q67;5Q68;5Q69;5Q6A;5Q6C;5Q6D;5Q6E;5Q6F;5Q6G;5Q6H;5Q6I;5Q6J;5Q6K;5Q6L;5Q6M;5Q6N;5Q6O;5Q6P;5Q6Q;5Q6R;5Q6S;5Q6T;5Q6U;5Q6V;5Q6W;5Q6X;5Q6Y;5Q6Z;5Q70;5Q71;5Q72;5Q73;5Q74;5Q75;5Q76;5Q77;5Q78;5Q79;5Q7A;5Q7B;5Q7C;5Q7D;5Q7E;5Q7F;5Q7G;5Q7H;5Q7I;5Q7J;5Q7K;5Q7L;5Q7M;5Q7N;5Q7O;5Q7P;5Q7Q;5Q7R;5Q7S;5Q7T;5Q7U;5Q7V;5Q7W;5Q7X;5Q7Y;5Q7Z;5Q80;5Q81;5Q83;5Q84;5Q85;5Q86;5Q87;5Q88;5Q89;5Q8A;5Q8B;5Q8C;5Q8D;5Q8E;5Q8F;5Q8G;5Q8H;5Q8I;5Q8J;5Q8K;5Q8L;5Q8M;5Q8N;5Q8O;5Q8P;5Q8Q;5Q8R;5Q8S;5Q8T;5Q8U;5Q8V;5Q8W;5Q8X;5Q8Y;5Q8Z;5Q90;5Q91;5Q92;5Q93;5Q94;5Q95;5Q96;5Q97;5Q98;5Q99;5Q9A;5Q9B;5Q9C;5Q9D;5Q9E;5Q9F;5Q9G;5Q9H;5Q9I;5Q9J;5Q9K;5Q9L;5Q9M;5Q9N;5Q9O;5Q9P;5Q9Q;5Q9R;5Q9S;5Q9T;5Q9U;5Q9V;5Q9W;5Q9X;5Q9Y;5Q9Z;5QA0;5QA1;5QA2
Q6B0I6,OGA,224,5PLN,1.14,3DXU;5PHO;5PHP;5PHQ;5PHR;5PHT;5PHU;5PHV;5PHW;5PHX;5PHY;5PHZ;5PI0;5PI1;5PI2;5PI3;5PI4;5PI5;5PI6;5PI7;5PI8;5PI9;5PIA;5PIB;5PIC;5PID;5PIE;5PIF;5PIG;5PIH;5PII;5PIJ;5PIK;5PIL;5PIM;5PIN;5PIO;5PIP;5PIQ;5PIR;5PIS;5PIT;5PIU;5PIV;5PIW;5PIX;5PIY;5PIZ;5PJ0;5PJ1;5PJ2;5PJ3;5PJ4;5PJ5;5PJ6;5PJ7;5PJ8;5PJ9;5PJA;5PJB;5PJC;5PJD;5PJE;5PJF;5PJG;5PJH;5PJI;5PJJ;5PJK;5PJL;5PJM;5PJN;5PJO;5PJP;5PJQ;5PJR;5PJS;5PJT;5PJU;5PJV;5PJW;5PJX;5PJY;5PJZ;5PK0;5PK1;5PK2;5PK3;5PK4;5PK5;5PK6;5PK7;5PK8;5PK9;5PKA;5PKB;5PKC;5PKD;5PKE;5PKF;5PKG;5PKH;5PKI;5PKJ;5PKK;5PKL;5PKM;5PKN;5PKO;5PKP;5PKQ;5PKR;5PKS;5PKT;5PKU;5PKV;5PKW;5PKX;5PKY;5PKZ;5PL0;5PL1;5PL2;5PL3;5PL4;5PL5;5PL6;5PL7;5PL8;5PL9;5PLA;5PLB;5PLC;5PLD;5PLE;5PLF;5PLG;5PLH;5PLI;5PLJ;5PLK;5PLL;5PLM;5PLO;5PLP;5PLQ;5PLR;5PLS;5PLT;5PLU;5PLV;5PLW;5PLX;5PLY;5PLZ;5PM0;5PM1;5PM2;5PM3;5PM4;5PM5;5PM6;5PM7;5PM8;5PM9;5PMA;5PMB;5PMC;5PMD;5PME;5PMF;5PMG;5PMH;5PMI;5PMJ;5PMK;5PML;5PMM;5PMN;5PMO;5PMP;5PMQ;5PMR;5PMS;5PMT;5PMU;5PMV;5PMW;5PMX;5PMY;5PMZ;5PN0;5PN1;5PN2;5PN3;5PN4;5PN5;5PN6;5PN7;5PN8;5PN9;5PNA;5PNB;5PNC;5PND;5PNE;5PNF;5PNG;5PNH;5PNI;5PNJ;5PNK;5PNL;5PNM;5PNN;5PNO;5PNP;5PNQ;5PNR;5PNS;5PNU;5PNV;5PNW
P23497,MES,114,5PXL,1.35,4PTB;5PWE;5PWF;5PWG;5PWH;5PWI;5PWJ;5PWK;5PWL;5PWM;5PWN;5PWO;5PWP;5PWQ;5PWR;5PWS;5PWT;5PWU;5PWV;5PWW;5PWX;5PWY;5PWZ;5PX0;5PX1;5PX2;5PX3;5PX4;5PX5;5PX6;5PX7;5PX8;5PX9;5PXA;5PXB;5PXC;5PXD;5PXE;5PXF;5PXG;5PXH;5PXI;5PXJ;5PXK;5PXM;5PXN;5PXO;5PXP;5PXQ;5PXR;5PXS;5PXT;5PXU;5PXV;5PXW;5PXX;5PXY;5PXZ;5PY0;5PY1;5PY2;5PY3;5PY4;5PY5;5PY6;5PY7;5PY8;5PY9;5PYA;5PYB;5PYC;5PYD;5PYE;5PYF;5PYG;5PYH;5PYI;5PYJ;5PYK;5PYL;5PYM;5PYN;5PYO;5PYP;5PYQ;5PYR;5PYS;5PYT;5PYU;5PYV;5PYW;5PYX;5PYY;5PYZ;5PZ0;5PZ1;5PZ2;5PZ3;5PZ4;5PZ6;5PZ7;5PZ8;5PZ9;5PZA;5PZB;5PZC;5PZD;5PZE;5PZF;5PZG;5PZH;5PZI;5PZJ
P69905,HEM,103,2DN2,1.25,1A00;1A01;1A0U;1A0Z;1A3N;1A3O;1BAB;1BZ0;1BZ1;1BZZ;1C7B;1C7C;1C7D;1DKE;1DXT;1DXU;1DXV;1FDH;1GBU;1GLI;1HBA;1HBB;1HDB;1HGA;1HGB;1J7S;1J7W;1KD2;1O1J;1O1K;1O1L;1O1M;1O1N;1O1O;1O1P;1QI8;1R1Y;1RQ3;1VWT;1XXT;1XY0;1XYE;1XZ2;1XZ4;1XZ5;1XZ7;1XZU;1XZV;1Y09;1Y0A;1Y0C;1Y0D;1Y0T;1Y0W;1Y22;1Y2Z;1Y31;1Y35;1Y45;1Y46;1Y4B;1Y4F;1Y4G;1Y4P;1Y4Q;1Y4R;1Y4V;1Y5F;1Y5J;1Y5K;1Y7C;1Y7D;1Y7G;1Y7Z;1Y83;1Y85;1Z8U;2HBS;2HHB;2HHD;2HHE;2YRS;3DUT;3HHB;3NMM;3QJD;3QJE;4FC3;4HHB;4MQH;4MQI;5WOG;5WOH;6HBW;6NQ5;7DY3;7DY4;7QU4;8DOV;9AV9;9AYZ;9BCJ
P01116,GDP,89,8TVK,1.04,11QE;24HR;24HT;24SP;24SS;4EPR;4L8G;4LDJ;4LPK;4LRW;4OBE;4QL3;4TQ9;4TQA;4WA7;5UQW;5US4;5VP7;5VQ0;5VQ1;5VQ8;5W22;5WHA;5WHB;5WHD;5XCO;6ASE;6BOF;6E6G;6H46;6M9W;6MBT;6MBU;6MQG;6MQN;6MS9;6PQ3;6WS2;6YR8;6YXW;7C41;7EYX;7F0W;7KMR;7NY8;7T1F;7TLK;7YUZ;7YV1;8BLR;8CPR;8ECR;8EDY;8EER;8FMI;8FMJ;8FMK;8JJS;8STM;8STN;8T71;8T73;8TXJ;8TXK;8TY2;8TY8;8TY9;9C3K;9C3M;9C3N;9C3Q;9C3R;9C3Z;9C40;9C41;9C43;9GLU;9N9N;9OEL;9OEX;9OUH;9PVF;9U8V;9U8W;9U8X;9U8Y;9U8Z;9U90
P01112,GNP,85,5WDQ,1.25,10DC;1AGP;1CTQ;1LF0;1LFD;1NVV;1P2T;1P2U;1XCM;1ZW6;221P;2RGA;2RGB;2RGC;2RGD;2RGE;2RGG;3DDC;3I3S;3K8Y;3K9L;3K9N;3KKM;3KKN;3L8Z;3LBH;3LBI;3LBN;3OIU;3OIW;3RRY;3RRZ;3RS7;3TGP;421P;4DLS;4DLT;4DLU;4DLW;4EFL;4EFM;4EFN;4L9W;4XVQ;4XVR;5B2Z;5B30;5P21;5WDO;5WDP;5WPL;5X9S;621P;6AMB;6E6C;6E6P;721P;7DPH;7DPJ;7JIF;7JIG;7JIH;7OG9;7OGA;7OGD;7OGE;7VV8;7VV9;7VVG;821P;8ELK;8ELR;8ELS;8ELT;8ELU;8ELV;8ELW;8ELX;8ELY;8EM0;8FG3;8FG4;8OSM;8OSN
P00734,NAG,42,3VXE,1.25,1HAG;1HAH;1JMO;1JOU;1OOK;1SG8;1SGI;1TB6;1TMT;1TWX;2B5T;2HWL;2PGB;3BEF;3BEI;3GIC;3JZ2;3LU9;3NXP;3QGN;3R3G;3S7H;3U8T;3VXF;4E05;4HTC;4MLF;4THN;5EDM;5GDS;5L6N;5NHU;6TKG;6TKH;6TKI;6TKL;6Y9H;6YB6;7MJ5;7PHX;7SR9
P69905,CMO;HEM,38,1IRD,1.25,1AJ9;1BBB;1J7Y;1K1K;1LJW;1M9P;1MKO;1NEJ;1RVW;1YFF;1YVQ;1YVT;2DN3;3NL7;3QJB;3QJC;3S65;3S66;4MQC;4MQG;4MQK;5SW7;6HAL;6KAO;6KAP;6KAQ;6KAR;6KAS;6KAT;6KAU;6KAV;6KYE;6L5V;6L5W;6L5X;6L5Y;7K4M
Q9Y253,DTP,35,7M7T,1.46,4ECQ;4ECR;4ECY;4ECZ;4ED0;4ED1;4ED2;4ED3;4ED7;4ED8;4YR2;5DLF;5KFA;5KFB;5KFC;5KFD;5KFE;5KFF;5KFG;5KFS;5KFT;5KFU;5KFV;5KFY;7M7U;7M7Y;7M83;7M84;7M85;7M89;8V7H;8V7I;8V7J;8V7K
Q9Y253,XG4,35,7U7U,1.54,3MR5;3MR6;4J9K;4J9L;4J9M;4J9N;4O3Q;4RNN;5DG9;5DLG;5DQH;6PLC;6PZ3;6UQI;7U7R;7U7S;7U7T;7U7V;7U7W;7U7X;7U7Y;7U7Z;7U80;7U81;7U82;7U83;7U84;8E85;8E86;8E87;8E88;8E8J;8E8K;8UJX
Q9Y253,DPO;DTP,34,5KFZ,1.44,4ECS;4ECT;4ECU;4ECV;4ECW;4ECX;5KFH;5KFI;5KFJ;5KFK;5KFL;5KFW;5KFX;5KG0;5KG1;5KG2;5KG3;5KG4;5KG5;5KG6;5KG7;5L9X;7M7Z;7M80;7M81;7M82;7M86;7M87;7M88;7M8A;7M8B;7M8C;7M8D
P01308,IPH,33,5HRQ,1.28,1LPH;1Q4V;1QIY;1RWE;1W8P;1XW7;1ZEG;1ZNJ;2WS6;3JSD;3KQ6;3P2X;3P33;3ROV;3V19;3V1G;3ZQR;3ZS2;4AJZ;4P65;5BQQ;5EMS;5HPU;5UDP;5URU;5USS;5UU3;5UU4;6CK2;7JP3;8ONR;9UTK
P29373,RET,33,2G7B,1.18,2G79;4M6S;4YBP;4YBU;4YCE;4YCH;4YDA;4YDB;4YFP;4YFQ;4YFR;4YGG;4YGH;4YGZ;4YH0;4YKM;4YKO;6MOP;6MOQ;6MOR;6MOV;6MOX;6MPK;6MQI;6MQJ;6MQW;6MQX;6MQY;6MQZ;6NNX;6NNY;6NOE
P00918,CO2,32,5Y2S,0.9,2VVA;3D92;3D93;5DSO;5Y2R;5YUI;6KM4;6KM5;6KM6;6LUV;6LUX;6LUZ;6LVA;7Y2N;7Y2O;7Y2Q;8WEP;9JWW;9KI4;9KI5;9KI6;9KI8;9KI9;9KIA;9KIB;9KIF;9KIG;9KJ4;9KJ5;9L2X;9LDP
P01116,GNP,31,8EBZ,1.2,36OL;36OM;3GFT;5USJ;5WHE;5WLB;5WPM;6CU6;6GOD;6GOE;6GOF;6GOG;6MBQ;6MTA;6O36;6O46;6VC8;6VJJ;6WGN;6XGV;6XHB;6XI7;7LC1;7VVB;8EIE;8EPW;8T72;8T74;9O0S;9YGS
P16442,HG,29,1XZ6,1.55,1LZ0;1LZ7;1R7T;1R7U;1R7V;1R7X;1WSZ;1WT0;1ZI1;1ZI3;1ZI4;1ZJ0;1ZJ1;1ZJ3;2I7B;2O1F;2O1G;2PGV;5CMF;5CMG;5CMH;5CMJ;5CQL;5CQM;5CQO;5CQP;5TJL;5TJO
P01112,GDP,29,24SQ,1.08,1IOZ;1LF5;1Q21;1XJ0;1ZVQ;2CLD;2Q21;2QUZ;2X1V;3KUD;4L9S;4Q21;5E95;6MQT;7JII;7TAM;8BWG;9PU1;9PU3;9PU8;9PUL;9PUN;9PUQ;9PUT;9PUZ;9PVE;9WRR;9Z5W
P01903,NAG,29,4MD5,1.65,1D5M;1J8H;28ZB;2SEB;3C5J;4MCY;4MCZ;4MD0;4MD4;4MDI;4MDJ;5V4M;6ATF;6ATI;6BIJ;6BIL;6BIR;6BIX;6CPL;6CPN;6CPO;6CQL;6CQN;6V18;6V1A;7N19;8TRL;9NIH
P62826,GNP,28,4HB2,1.8,1IBR;5DHF;5DI9;5DIF;5UWH;5UWI;5UWJ;5UWO;5UWP;5UWQ;5UWR;5UWS;5UWT;5UWU;5UWW;6CIT;6X2M;6X2P;6X2R;6X2S;6X2U;6X2X;6X2Y;7MNW;7MNX;7MNZ;7MO0
P61769,NAG,26,9D97,1.6,3VH8;3WUW;5B38;5B39;5T6Z;5T70;6V3J;7K80;7K81;7N2O;7N2P;7N2S;8TQ5;9BL2;9BL3;9BL4;9BL5;9BL6;9D96;9MI6;9NMU;9NMV;9NMW;9PBG;9PBH
P62826,GDP,24,3GJ0,1.48,3CH5;3EA5;3GJ3;3GJ4;3GJ5;3GJ7;3GJ8;5CIQ;5CIT;5CIW;5CJ2;7MNP;7MNQ;7MNR;7MNS;7MNT;7MNU;7MNV;7MO1;7MO2;7MO3;7MO4;7MO5
P06746,DUP,23,6BTF,1.75,2FMQ;2FMS;3C2K;4JWM;4JWN;4M9J;4R65;4R66;5J29;5J2A;5J2B;5J2C;5J2D;5J2E;5J2F;5J2G;5J2H;5J2I;5J2J;5J2K;9Y19;9Y1H
P16442,GAL;UDP,23,3I0G,1.4,3I0L;3SX3;3SX5;3SX7;3SX8;3SXA;3SXB;3SXC;3SXD;3SXE;3SXG;4FQW;4FRA;4FRB;4FRD;4FRE;4FRH;4FRL;4FRM;4FRP;4FRQ;4GBP
P50120,RET,23,9PN1,1.26,4EDE;4EEJ;4EFG;4EXZ;4GKC;4QYP;4RUU;4ZJ0;4ZR2;5F58;5F6B;5F7G;5FAZ;5FEN;5FFH;6E5S;6E6L;6MKV;6MLB;7LHM;7LHN;7LHO
Q9Y253,DZ4,22,7M7N,1.31,3MR2;3MR3;4O3O;4RNM;5DG8;5DQG;6D0Z;6M7P;6Q02;7M7L;7M7M;7M7O;7M7P;7M7Q;7M7R;7M7S;8UJT;8V7E;8V7F;8V7G;9CHW
P00918,HG,22,1G0F,1.6,12CA;1CA3;1CNI;1CNJ;1FQL;1FQM;1G3Z;1HCA;1HEA;1HEB;1HED;1MUA;1UGC;1UGE;1YDC;2CBC;4CA2;5CA2;6CA2;7CA2;8CA2
P11172,U5P,22,9HOO,0.83,2QCD;2QCN;2V30;3BGJ;3EWY;3EX3;3EX6;6YWU;7ASQ;7OQN;9HDW;9HO8;9HOB;9HOD;9HOX;9HOY;9HP0;9HP5;9HP6;9HW1;9HW8
P61769,CD,21,7KGQ,1.34,1M05;3FQN;3FQR;3FQT;3FQU;3FQW;3FQX;3TLR;4NNX;4NNY;6EI2;7KGP;7KGS;7KGT;7SA2;7SIS;7U1R;7UM2;8FU4;8RBV
P00918,BCT;CO2,20,6KM2,0.9,2VVB;3U7C;6KM0;6KM1;6LV2;6LV4;6LV6;6LV8;7Y2G;7Y2H;9KIE;9KIK;9KIL;9KIP;9KIQ;9KIU;9KIV;9KIZ;9KJ0
P02689,PLM,20,4A1Y,1.2,2WUT;3NR3;4A1H;4A8Z;4D6A;4D6B;6EW2;6EW4;6EW5;6XU5;6XUA;6XUW;6XVQ;6XVR;6XVY;7NRW;7NSR;7NTP;7O60
P06746,PPV,18,4KLI,1.597,4KLG;4KLH;4KLJ;4KLL;4KLM;4KLO;4KLT;4RQ2;4RQ6;4RQ8;4UAY;4UB3;5U9H;5V1I;5V1O;5VS0;5VS4
P15121,NAP,18,6F7R,0.92,1ADS;1X96;2ACS;2ACU;3Q65;3Q67;6F81;6F82;6F84;6F8O;6T27;6T5G;6Y03;8A4N;8AQG;8AQP;8B34
P06396,ATP,18,3CIP,1.6,1C0F;1C0G;1DEJ;1EQY;1MDU;1YAG;1YVN;2FF3;2FF6;3A5M;3A5N;3A5O;3CI5;4PKG;4PKI;4Z94;5UBO
P10275,DHT,18,7ZTZ,1.4,1T5Z;2AMA;3L3X;3L3Z;4OEA;4OEY;4OEZ;4OFR;4OFU;5JJM;7ZTX;7ZU2;8FGY;8FGZ;8FH0;8FH1;8FH2
P15121,NAP;ZST,18,3M0I,1.07,1MAR;2DUX;2DUZ;2DV0;2FZ8;2FZ9;2HV5;2HVN;2HVO;2PD5;2PDB;2PDF;2PDI;2PDM;2PDX;3LEN;3MB9
P00734,0G6;NAG,18,1SHH,1.55,1HAI;1SFQ;1TMU;1TQ7;1Z8I;1Z8J;2OD3;2PGQ;3P6Z;3QLP;4DIH;4DII;4I7Y;4LZ1;5TO3;6EO6;6EO7
P07148,PLM,17,3VG7,1.44,3B2H;3B2I;3B2J;3B2K;3B2L;3STK;3STM;3VG2;7DZE;7DZF;7DZG;7DZH;7DZI;7DZJ;7DZK;7DZL
P42574,AZI,17,5IBP,1.38,4QTY;4QU0;4QU9;4QUB;4QUG;4QUJ;4QUL;6BDV;6BFJ;6BFL;6BFO;6BG0;6BG4;6BGK;6BGQ;6BGR
P41182,7ZO,16,7GUI,1.8,5X4P;7GUD;7GUE;7GUF;7GUG;7GUH;7GUJ;7GUK;7GUL;7GUM;7GUN;7GUO;7GUP;7GUQ;7GUR
P00918,BCT,16,6KLZ,0.9,1CAH;1CAM;1LGD;6LV1;8WES;9KH8;9KIH;9KII;9KIJ;9KIN;9KIO;9KIS;9KIT;9KIY;9U5B
P03372,EST,16,7NEL,1.45,1GWR;1QKT;2YJA;3UUD;4PXM;5DX3;5DXB;5DXE;5DXG;5GS4;5HYR;5WGD;5WGQ;6CBZ;6PIT
P61586,GDP,16,5C4M,1.3,1DPF;1FTN;3LW8;3LWN;3LXR;4D0N;5EZ6;6KX2;7WZA;7WZC;8GI3;8GI6;8ZNY;9VNH;9VNI
P41182,A1ADA,15,7GWG,1.9,7GWH;7GWI;7GWJ;7GWK;7GWL;7GWM;7GWN;7GWO;7GWP;7GWQ;7GWR;7GWS;7GWT;7GWU
P0DMV8,1PS;A1ACZ,15,7GYJ,2.15,7GYK;7GYL;7GYM;7GYN;7GYO;7GYP;7GYQ;7GYR;7GYS;7GYT;7GYU;7GYV;7GYW;7GYX
P11172,PRO;U5P,15,9HOV,0.92,6ZWY;9HOG;9HOL;9HOQ;9HOU;9HOZ;9HP1;9HP2;9HP4;9HQQ;9HQR;9HQS;9HQY;9HY0
P00918,MNP,15,7Y2A,1.2,7Y2R;7Y2S;7Y2T;7Y2U;7Y2V;7Y2W;7Y2X;9L2Y;9L2Z;9L30;9L31;9L32;9L33;9LR6
P02787,CO3,15,1A8E,1.6,1A8F;1B3E;1D3K;1D4N;1DTG;1FQE;1FQF;1JQF;1N7W;1N7X;1N84;1OQG;1OQH;3FGS
P41182,A1ACC,15,7GXP,1.85,7GXQ;7GXR;7GXS;7GXT;7GXU;7GXV;7GXW;7GXX;7GXY;7GXZ;7GY0;7GY1;7GY2;7GY3
P18031,OTA,15,7MNA,1.47,1C88;5K9W;5KA1;5KA3;5KA7;5KA9;5KAB;5KAD;7MM1;7MN7;7MNB;7MND;7MNF;7MOW
P41182,A1ACW,15,7GW1,1.75,7GW2;7GW3;7GW4;7GW5;7GW6;7GW7;7GW8;7GW9;7GWA;7GWB;7GWC;7GWD;7GWE;7GWF
P41182,A1AB9,15,7GX0,1.7,7GWV;7GWW;7GWX;7GWY;7GWZ;7GX1;7GX2;7GX3;7GX4;7GX5;7GX6;7GX7;7GX8;7GX9
Q16539,BOG,15,2FST,1.45,2FSL;2FSM;2FSO;2NPQ;3MGY;3MH0;3MH1;3MH2;3MH3;3ODY;3ODZ;3OEF;4GEO;6QYX
P0DMV8,GBA,15,7GY5,1.92,7GY4;7GY6;7GY7;7GY8;7GY9;7GYA;7GYB;7GYC;7GYD;7GYE;7GYF;7GYG;7GYH;7GYI
P41182,A1ACA,15,7GUS,1.75,7GUT;7GUU;7GUV;7GUW;7GUX;7GUY;7GUZ;7GV0;7GV1;7GV2;7GV3;7GV4;7GV5;7GV6
P41182,A1ACB,15,7GXB,1.95,7GXA;7GXC;7GXD;7GXE;7GXF;7GXG;7GXH;7GXI;7GXJ;7GXK;7GXL;7GXM;7GXN;7GXO
P69905,HEM;OXY,15,1YE2,1.8,1GBV;1GZX;1HGC;1HHO;1YE0;1YEO;1YEU;1YEV;1YH9;1YHE;1YIE;1YIH;5EE4;6BB5
Q9Y253,0KX,15,4O3N,1.579,4DL2;4DL3;4O3P;4O3R;4O3S;5F9N;5L1K;5L1L;6MQ8;6UI2;6WK6;8UJV;9CI9;9CIH
P41182,A1ACL,15,7GVC,1.85,7GV7;7GV8;7GV9;7GVA;7GVB;7GVD;7GVE;7GVF;7GVG;7GVH;7GVI;7GVJ;7GVK;7GVL
P41182,A1ACR,15,7GVM,1.9,7GVN;7GVO;7GVP;7GVQ;7GVR;7GVS;7GVT;7GVU;7GVV;7GVW;7GVX;7GVY;7GVZ;7GW0
P61769,MES,14,5C0F,1.463,2X4N;2X4O;2X4P;2X4Q;2X4T;2X4U;2X70;3D18;4JFQ;5MER;6O9B;6O9C;7R7X
Q8WTS6,SAH,14,2F69,1.3,1MT6;3CBM;3M53;3M54;3M55;3M56;3M57;3M58;3M59;3M5A;4J7F;4J8O;5EG2
Q9Y253,DGT;DPO,14,7U7C,1.55,7U76;7U79;7U7A;7U7B;7U7F;7U7G;7U7I;7U7J;7U7K;8E8E;8E8F;8E8G;8E8H
Q9UGP5,PPV,14,2BCQ,1.65,1XSP;2BCR;2BCS;2BCU;3MDA;3UQ2;7M46;7M4A;7M4B;7M4C;7M4F;7M4I;7M4L
P46937,MYR,14,6GEI,1.65,5OAQ;6GE3;6GE4;6GE5;6GE6;6GEC;6GEE;6GEG;6GEK;6HIK;6HIL;6Q2X;8A8R
P00734,0G6,14,6Z8V,1.58,1ABJ;1NRR;1PPB;1THP;1XMN;2THF;4CH2;4CH8;5E8E;6EVV;6PX5;6V64;6Z8W
P01116,6IC;GDP,13,9U8L,1.23,7RPZ;9BL0;9O0N;9OU0;9OUI;9OUJ;9U8J;9U8T;9U8U;9U95;9U97;9U99
Q9UKV8,IPH,13,4Z4D,1.6,4F3T;4OLA;4W5O;4W5R;4W5T;4Z4C;4Z4E;5JS1;5KI6;6MFN;9OBD;9OBE
P36639,6U4,13,5WS7,1.0,5GHJ;5GHN;5GHQ;8I1D;8I1E;8I1F;8I1G;8I1I;8I1J;9MBF;9MBK;9MBL
P31947,FSC,13,3IQV,1.2,3P1O;3P1Q;3P1S;4JDD;5MXO;7BMC;7OB8;7OBH;7OBL;7OBT;7OBY;8C3C
P36639,8DG,12,6IJY,1.04,5FSI;5GHI;5GHM;5GHO;6ILI;8I18;8I19;8I1A;9MBE;9MBG;9MBH
P16442,UDP,12,6GX2,1.07,2RIX;2RJ0;2RJ5;2Y7A;3I0D;3I0I;3I0K;3IOJ;4C2S;5M7B;5M7C
P21802,ACP,12,2PVF,1.8,2PVY;2PWL;2PY3;2PZ5;2PZP;3CLY;4J95;4J98;4J99;5UGX;6V6Q
P13569,ATP,12,2PZE,1.7,1XMI;1XMJ;2BBS;2BBT;2PZF;2PZG;4WZ6;5TF7;6GJQ;6GJS;6WBS
P16442,HG;UDP,12,1LZJ,1.32,1LZI;1R7Y;1R80;1WT1;1WT2;1WT3;1ZI5;1ZJ2;2A8U;2A8W;2O1H
Q9NP87,DTT;GOA,12,7KTG,1.445,5TYF;5TYG;5TYZ;6VF1;6VF6;7KSV;7KSY;7KT5;7KT6;7KT9;7KTH
Q9BY41,B3N,12,3EW8,1.8,1T67;3MZ4;3MZ6;3MZ7;4QA1;4QA4;5DC5;5THS;5THT;5THV;7JVW
P68400,ANP,12,3NSZ,1.3,1PJK;2PVR;3JUH;3WOW;9S6G;9S76;9S7A;9S7H;9S7I;9S8J;9S9Y
P01308,CRS,11,1ZEH,1.5,1EV3;1EV6;25HF;4GBC;4GBK;4GBL;4GBN;6NWV;8GSG;9UTJ
P11172,OMP;U5P,11,7AM9,0.99,6YVK;6YVL;6YVM;6YVN;6YVO;6ZX0;7OQF;7OQI;7OQK;7OQM
P06746,0KX,11,6CPQ,1.93,4MFC;4NLK;4NY8;4O5K;4PHD;4TUQ;4YMO;5EOZ;6CU9;7MZ2
Q9UGP5,DUP,11,7M07,1.57,2PFN;2PFO;5IIM;5IIN;7M09;7M0B;7M0D;7M0E;8U0P;9NPU
Q9Y253,DGT,11,7U74,1.52,7U72;7U73;7U75;7U77;7U78;7U7D;7U7E;8E8B;8E8C;8E8D
P09211,GSH;MES,11,6LLX,1.581,1AQW;1KBN;1MD3;1MD4;1PX6;1PX7;5GSS;6GSS;7GSS;8GSS
P37231,EDK,10,6T1S,1.65,6D94;6FZF;6FZG;6FZJ;6FZP;6T1V;6VZL;7JQG;7RLE
Q9UNA4,TTP,10,3OSN,1.9,1T3N;1ZET;2DPJ;3G6Y;3GV7;3Q8S;4FS1;9DDR;9DRC
P04637,QN8;QNN,10,7B4N,1.32,6ZNC;7B46;7B47;7B49;7B4B;7B4C;7B4D;7B4E;7B4H
P31947,SIT,10,28UW,1.4,30TJ;30TM;30TO;30TQ;30TS;30YJ;8BZD;8C42;8C43
P00918,EVF,10,5JGS,1.11,3S73;5JDV;5JE7;5JEG;5JEH;5JEP;5JES;5JG3;5JG5
P0DMV8,ADP,10,6ZYI,1.52,1HJO;1S3X;3ATV;3AY9;3JXU;5BN9;5BPL;6FHK;7FGM
P02766,3MI,10,4HIS,1.2,3TCT;6E6Z;6E72;6E74;6E77;6FFT;8YQD;9S94;9S95
P05089,ABH,10,2AEB,1.29,2PLL;3E6K;3E6V;3THH;4GSV;4GSZ;4GWD;6Q92;6Q9P
P21953,TPP,10,2BFD,1.39,1OLS;1OLU;1OLX;1U5B;1X7W;1X7X;1X7Y;1X7Z;1X80
P26368,CPQ;DIO,10,3VAJ,1.9,3VAF;3VAG;3VAH;3VAI;3VAK;3VAM;4TU7;4TU8;4TU9
P27708,DOR,10,6HFQ,1.14542458871,6HFH;6HFJ;6HFK;6HFL;6HFN;6HFP;6HG3;8PBM;8PBT
P04746,NAG,10,5U3A,0.95,1BSI;1KB3;1KBK;1KGW;1KGX;1XCW;1XCX;1XGZ;1XH1
O95989,IHP,10,9T4L,1.13,2FVV;6WOD;6WOE;6WOF;9T4G;9T4H;9T4I;9T4K;9T4M
P03950,TAR,9,4AOH,1.041,4AHG;4AHJ;4AHK;5M9A;5M9C;5M9G;5M9R;5M9S
P24941,ATP,9,2CCH,1.7,1B38;1B39;1FIN;1HCK;1QMZ;2CJM;4EOM;8FP5
P18031,VO4,9,6PM8,2.06,3I7Z;3I80;3QKQ;6PG0;6PGT;6PHA;6PHS;7L0H
P27708,FOT,9,8PBG,1.46,4C6L;4C6M;6HG2;8PBI;8PBK;8PBN;8PBU;9WIN
Q9GZT9,UN9,9,2HBT,1.6,2HBU;2Y33;2Y34;3HQU;4BQX;4UWD;5LB6;6YW2
P27708,NCD,9,9FS1,1.21,4C6N;6HFR;6HFS;6HFU;8PBE;8PBH;8PBJ;8PBQ
P01116,GNP;ZNI,9,8TBK,1.26,8TBF;8TBH;8TBJ;8TBL;8TBM;8TBN;9BI1;9BI2
Q9NP87,DTT;PPV,8,7KTD,1.551,5TYE;5TYY;7KSU;7KSX;7KT8;7KTC;7KTI
P01116,GDP;OFU,8,8AZZ,1.02,8AZV;8AZX;8AZY;8B00;9OU2;9OU3;9OU4
P01112,GTP,8,1QRA,1.6,1NVU;2C5L;2UZI;4K81;9WRQ;9WRS;9WRT
P0CG47,AYE,8,6FDK,1.6,5OHK;6GZS;6XZ1;7BU0;8BS9;8C61;9G7G
O75164,OGA,8,4V2W,1.81,2OQ7;2OS2;2PXJ;2Q8E;4V2V;5LY2;6H8P
Q9NP87,PPV,8,7KTL,1.421,4M0A;4YD2;5TWQ;5TYX;6IPF;6P1Q;7KTF
Q9HB07,AMP,8,24AN,1.76,24BD;24BL;24BM;24BV;24BX;24BZ;24CA
P0ABE7,CLR;OLA;OLB;OLC;ZMA,8,5IU4,1.72,4EIY;5K2B;5K2D;5NM2;5VRA;6PS7;6WQA
P15121,LDT;NDP,8,1US0,0.66,2I16;2I17;2QXW;3GHR;3GHS;3GHT;3GHU
P15121,393;NAP,8,2PZN,1.0,2IKJ;2PDC;2PDJ;2PDP;2PDU;3M64;3MC5
P53355,ANP,8,3GU4,1.35,1IG1;1JKK;1JKL;3DFC;3EHA;3F5U;3GU5
P61925,ADP,8,7V0G,1.63,4IAD;4IAF;4IB0;4IB1;4IB3;4O21;7UJX
P15121,30L;NAP,8,8AUU,0.95,4QBX;6T3P;6TD8;6XUM;8B3R;8CNF;8OZ2
P36639,BU8,8,6GLH,1.201,6EQ2;6GLG;6GLL;6GLM;6GLP;6GLQ;6GLU
P06746,F2A,8,9Y1J,1.55,3C2M;3RJF;4F5P;4GXK;5BPC;7S9Q;9Y1A
Q9GZT9,OGA,8,7Q5V,1.17,3HQR;5L9R;5L9V;5LAS;6YW3;6YW4;7UJV
P27708,DOR;NCD,8,9FS2,1.12,4C6D;4C6E;4C6F;4C6I;4C6J;4C6K;8PBP
P37231,BRL,8,9V8H,1.39,1ZGY;2PRG;3CS8;4XLD;5YCP;6ONJ;7AWC
P68431,SAH,8,1O9S,1.75,3KMT;4C1Q;4I51;5KJH;5M5G;5V22;5VA6
P06746,DCP,8,8VFI,1.77,3RH5;4KLD;4M9L;4RPX;5V1F;5V1N;8VFH
P00441,CU1,8,1PU0,1.7,1N18;1N19;1PTZ;2GBT;2GBV;2ZKW;3T5W
P06746,1FZ,8,6E3V,1.96,4P2H;4PGQ;4PGX;4YN4;4Z6F;7MZ1;7MZ4
P06746,6CF,8,4F5N,1.8,3RJH;3RJI;3RJK;4F5O;4F5Q;4F5R;4GXJ
Q6P988,NAG,8,4UZ1,1.4,4UYU;4UYW;4UZ5;4UZ6;4UZ9;4UZA;4WBH
P69905,2FU;CMO;HEM;HNI,8,6KA9,1.4,1J3Y;1J3Z;1J40;1J41;6KAE;6KAH;6KAI
P09960,YB,7,3B7S,1.465,1H19;1SQM;3B7T;4RVB;5FWQ;6ENB
P31947,WQI,7,9EW5,1.5,8QS3;8QSE;8QSH;9S2L;9S2M;9S2N
Q9Y251,NAG,7,7PR7,1.52,5E8M;5E9B;5E9C;5LA4;7PR8;7PRT
P01116,A1AHB;GNP,7,9BGA,1.41,9AX6;9BG5;9BG6;9BG9;9BGB;9BGC
P31947,WQN,7,9EW3,1.4,8QS8;8VSM;8VSO;9S2I;9S2J;9S2K
P49773,AMP,7,5ED3,1.309,1KPF;3TW2;5ED6;5KLZ;6J53;6J58
P05106,NAG,7,3T3P,2.2,2VDR;3NID;3NIG;3ZDX;3ZDY;3ZE2
Q9GZT9,AKG,7,7Q5X,1.21,3OUJ;5L9B;8Q6D;8Q6E;8RUT;8RUV
P28482,ANP,7,2Y9Q,1.55,3TEI;4FMQ;4H3P;4H3Q;4NIF;8PSR
P36639,F3E,7,6GLJ,1.301,6GLE;6GLI;6GLN;6GLR;6GLS;6GLV
P00533,ANP,7,5CNO,1.55,2ITN;2ITV;3VJN;4ZSE;5CNN;8DSW
P01857,NAG,7,4J12,1.9,2I5Y;2NY5;4ACP;4XNY;4ZNE;8CWJ
Q8N8S7,NO3,7,7A5M,0.78,5N91;5N9C;5NC2;5ND0;6XVT;6XXR
P49419,NAD,7,6O4L,1.85,4ZUK;4ZVY;6O4H;6O4K;6U2X;6V0Z
P27487,NAG,7,1PFQ,1.9,1NU8;1R9N;1TK3;1U8E;1WCY;2BGR
P02766,TCW,7,4D7B,1.15,5A6I;6TXV;6TXW;6XTK;7YBR;8PM8
P00918,AZM,7,3HS4,1.1,1ZSB;2H4N;3DC3;3V2J;3V2M;4K0S
P61769,2LJ,7,6PUF,1.92,4NQC;4PJ7;4PJ9;5D5M;5D7J;7ZT2
P14324,RIS,7,5CG5,1.402,1YQ7;1YV5;2QIS;4N9U;4NUA;4Q23
P15121,4G7;NAP,7,8CNP,0.94,4YS1;6T7Q;6Y1P;8B3N;8B66;8P2R
P50120,ZFJ,7,9D8M,1.201,7MFX;9D8N;9D8O;9DDU;9DF8;9DFB
P61586,GDP;MGF,7,3MSX,1.65,1OW3;5HPY;5IRC;5M6X;7QSC;7QTM
P61586,GSP,7,6BCB,1.401,1A2B;1CXZ;4XSG;6BC0;6BCA;9N4C
P53355,ADP,7,2W4J,1.3,2W4K;2XUU;3EH9;3F5G;3GU6;3GU7
P61769,30W,7,4PJE,1.95,4PJ5;4PJF;4PJG;4PJH;4PJI;7UMG
P62942,RAP,7,1FKB,1.7,2DG3;2DG4;2DG9;6M4U;8XI9;9PJ1
P63000,GNP,7,9RFF,1.248,1MH1;1RYH;3SBD;3TH5;4GZL;9RFB
P15121,LDT;NAP,7,3LZ5,0.95,2R24;3LBO;3LD5;3LQL;3ONB;3ONC
P04156,CD,7,3HEQ,1.8,1I4M;3HAF;3HER;3HES;3HJX;6DU9
Q9UM73,VGH,7,2YFX,1.7,2XP2;4ANQ;4ANS;5AAA;5AAB;5AAC
P09601,HEM,7,1N45,1.5,1OYL;1OZE;1OZR;1XJZ;1XK1;1XK2
P09455,RTL,6,5HBS,0.89,5H8T;5LJB;5LJC;5LJD;5LJE
Q9Y253,DCP,6,4YR0,1.78,4YP3;4YQW;4YR3;5DQI;8V7A
P63000,GDP,6,5O33,1.64,1I4D;1RYF;2P2L;8S1N;8S1O
P68431,SAM,6,5JIY,1.48,5JHN;5JIN;5JJ0;5T0K;5V21
P62826,GTP,6,5YST,2.04,3GJX;5YRO;5YTB;6A3A;6A3C
P62805,SAH,6,3F9X,1.25,1ZKK;3F9W;3F9Y;3F9Z;4M38
P10275,198,6,1Z95,1.8,4OJB;4OK1;4OKT;4OKW;4OKX
O95989,4WZ,6,9T4C,1.213,6WOH;9T48;9T49;9T4A;9T4B
P01308,RCO,6,3ZU1,1.6,1EVR;1QIZ;2OMI;2W44;8PI5
Q9NP87,2KH,6,5VZA,1.501,5TWP;5TWR;5VZ7;5VZD;5VZG
Q9NP87,8DG,6,7KTK,1.419,6AK8;6AK9;6IPK;7KTA;7KTJ
P01730,NAG,6,2NY1,1.99,1G9M;1GC1;1RZJ;2NY3;6L1Y
P02766,1FL,6,6E78,1.499,3D2T;4I89;6E70;6E73;7YCQ
P02768,MYR,6,8RCP,1.9,1BJ5;1E7G;3SQJ;8EW4;9EOS
P20701,NAG,6,1T0P,1.66,3BN3;5E6S;5E6U;6BXB;6BXJ
P12955,GLY;PRO,6,6SRE,1.39,5M4J;5MC1;5MC2;6QSC;6SRF
P01116,GSP,6,5VPZ,1.85,5MLA;5O2T;5VQ6;7SCW;7SCX
P08263,GTX,6,1K3Y,1.3,1K3L;1YDK;2R3X;3KTL;3L0H
Q9NP87,TTP,6,5VZI,1.5,5TXX;5VZ9;5VZC;5VZF;6IPJ
Q9NP87,DTT;PPV;TTP,6,5TXZ,1.651,5TYB;5TYC;5TYD;5TYU;5TYW
P06746,DCP;PPV,6,4KLF,1.85,4KLE;4RPY;4RPZ;4RQ0;5V1R
P31947,WPN,6,30TT,1.337,8QS4;8QSC;8QSF;9S2O;9S2P
P00742,AKG,6,9HO2,1.83,6YYW;8RE9;9FVX;9FVZ;9FW0
P14618,FBP;OXL,6,3BJF,2.03,6WP5;7L21;8HMQ;8HMS;8HMU
P12955,GLY;OH;PRO,6,5MBZ,1.5,5MBY;5MC0;5MC3;5MC4;5MC5
Q03164,SAH,6,5F5E,1.802,2W5Y;2W5Z;5F6L;7W67;7W6A
P63104,BEZ,6,2O02,1.5,5EWZ;5J31;5JM4;5M35;7ZIT
P68400,NIO,5,3WAR,1.04,7B8H;9FBL;9FBM;9S77
P68400,E3U,5,6L1Z,1.90820949507,6L21;6L22;6L23;6L24
O60674,RXT,5,6WTN,1.83,6VGL;6VNK;9T1Z;9T20
Q9Y253,1FZ,5,5DGB,1.79,5DGA;5L1J;6PL7;6PL8
P15121,FID;NAP,5,1PWM,0.92,2AGT;2PD9;2PDW;2PDY
P07900,ADP,5,6GR5,1.34,1BYQ;2XK2;6GPP;6GQ6
P0CG48,AYE,5,9F6G,1.5,8ADB;8SSI;8ST8;8ST9
P08246,NAG,5,8G26,1.85,3Q76;8D4U;9ASX;9ATK
O60674,SKE,5,8B99,1.6,5USY;5USZ;5WIN;6DRW
P31947,09W,5,7OQJ,1.4,7OQ7;7OQA;7OR5;7ORG
P08263,GSH,5,6ATO,1.55,1USB;3I69;3I6A;5LCZ
Q9NP87,DGT,5,7KSS,1.503,5ZLC;6IPN;7COD;7KT1
Q9NP87,XG4,5,7CO9,1.599,7CO8;7COA;7COB;7COC
Q9UM73,5P8,5,5A9U,1.6,4CLI;4CLJ;5AA8;5AA9
Q9GZT9,BCT;UN9,5,5LBB,1.7,5LAT;5LBC;5LBE;5LBF
Q86WV6,1SY,5,4KSY,1.881,4LOH;6DNK;8T5L;9CUA
P06730,MGP,5,5T46,1.53,1IPC;3AM7;5ZJY;5ZK9
P00491,IM5,5,4EAR,1.7,3PHB;4EB8;5ETJ;5UGF
P06746,GFH,5,6NKV,1.85,2PXI;4DO9;6NKS;6NKY
P06746,XG4,5,6E3W,2.02,4M47;4PHE;6CRH;6CUA
P29320,ANP,5,2QOC,1.25,2QO7;2QO9;2QOQ;3FXX
P01116,GCP,5,7ROV,1.32,4DSN;6BP1;6QUU;7LZ5
P06746,XC5,5,7S9P,1.86,5V1P;5VEZ;9Y1C;9Y1I
O15151,NUT;O4B,5,7C3Y,1.632,7C3Q;7C44;8HDG;8IA5
O15294,12V,5,5C1D,2.05,4N3B;5BNW;6IBO;6Q4M
P31947,0AW,5,7OQG,1.5,7OPW;7OQ9;7OR3;7OR8
P62942,FK5,5,1BKF,1.6,1FKF;1FKJ;2FKE;4ODR
Q9UNA4,DCP,5,3Q8P,1.95,2ALZ;2DPI;3EPG;4FS2
Q9Y3Z3,DTP;GTP,5,4RXP,2.1,4QG1;4QG2;4QG4;4ZWG
Q9Y5Y6,GSH,5,4IS5,1.48,3P8F;4ISL;4ISN;4ISO
P03372,OHT,5,5W9C,1.802,2BJ4;3ERT;6V87;7UJ8
P00749,MRZ,5,4X1P,1.6,4X0W;4X1N;4X1S;4ZHM
P68431,OGA,5,3AVR,1.803,2OQ6;2OT7;2OX0;6HGT
P02766,T44,5,1F86,1.1,1ETA;1ETB;2ROX;3OZK
P00491,DIH,5,3BGS,2.099,1RSZ;2A0W;2A0X;2A0Y
Q07869,2VN,5,9IWM,1.39,6KAY;6KB3;6KB8;9IWO
Q8TF76,5ID,5,6G3A,1.43,2VUW;3IQ7;4OUC;6G34
P14324,IPE;RIS,5,4NKE,1.46,4KPD;4KQS;4NG6;5CG6
Q13526,1PG,5,2ZQT,1.462,2ZQS;2ZQV;2ZR4;4U86
P00740,UDP,5,4WMI,1.87,4WMB;4WMK;4WN2;5F85
P17707,PUT,5,1JL0,1.5,1MSV;9P1H;9P7Q;9PBB
P15121,388;NAP,5,3M4H,0.94,2IKI;3LEP;3LQG;3LZ3
P05230,FLC,5,4QC4,1.491,4QAL;4QBV;4QO3;4YOL
P50120,A1AEQ,5,8VZZ,1.22,8VZX;8VZY;8W00;8W02
P00558,3PG;ADP,5,5M6Z,1.67,2X13;2XE7;3C3A;5M3U
P00918,ETS,5,1CIL,1.6,4K13;4M2U;4M2W;6BC9
P61769,Q87,5,6PUC,1.85,4NQD;9Y0T;9Y0U;9Y0W
P61626,NO3,5,1JSF,1.15,1JKA;1JKB;1JKC;1JKD
Q8N371,OGA,5,6F4Q,1.12,4GJY;6F4P;6F4R;6F4T
O15530,ATP,5,4RRV,1.412,1H1W;2BIY;3HRC;5LVP
P00742,OGA,4,6Q9F,1.63,5JQY;5JZ8;5JZU
O00255,K5O,4,8VA5,1.3,8VA6;9WNI;9WNJ
Q9UNA4,DGT,4,3GV8,2.0,3G6X;3H4D;3Q8R
O60674,ATP,4,5I4N,1.54,4FVQ;4FVR;8C08
O14936,ANP,4,9M5Y,1.8,3MFR;3MFS;3MFU
O00560,BEZ,4,1W9E,1.56,1V1T;1W9O;1W9Q
P09601,HEM;NO,4,1OZW,1.55,1OZL;1XK0;1XK3
P07900,ANP,4,3T1K,1.5,2YEF;6GPF;6GPY
P03372,RAL,4,7NDO,1.6,2QXS;7KBS;7UJC
P62826,GNP;LMB,4,4HAT,1.78,4HAW;4HAY;4HB4
P00749,P6G,4,4ZKO,1.29,4DVA;4GLY;4ZKR
P69905,HEM;NO,4,1BUW,1.9,1RPS;1RQ4;1RQA
P69905,CYN;HEM,4,1NQP,1.73,1O1I;1SHR;1SI4
P16083,FAD;ML1,4,4QOG,1.4,2QWX;2QX4;2QX6
Q00987,NUT,4,5C5A,1.146,4HG7;5Z02;5ZXF
Q13451,GY1,4,7R0L,1.1,8CCA;8PJ8;8PJA
Q08499,ROL,4,1TBB,1.6,1OYN;1Q9M;3G4K
P00918,N84,4,6OTO,1.496,6OTI;8FQX;8FR1
P60174,PGA,4,6UPF,1.65,6UP5;7T0Q;7UXV
P15121,47D;NAP,4,2PDG,1.42,2PDH;2PDN;2PDQ
Q07820,JLE,4,6QZ6,1.9,6QYL;6QZ5;6QZ7
Q07869,WY1,4,6KBA,1.82,4BCR;6KB2;6KB7
P02794,OXY,4,4Y08,1.34,7CK8;7CK9;9VCH
P14324,ZOL,4,4KFA,1.98,2F8C;2F9K;4KQ5
P14324,JD5,4,4NFK,1.85,4NFI;4NFJ;9CY2
P11172,BMP,4,7OTU,0.95,3BGG;3EWX;3EX4
P05413,PLM,4,5B27,1.02,2HMB;5B29;6AQ1
P06396,ATP;SO2,4,1D4X,1.75,1NLV;1NM1;1NMD
P06730,MGO,4,7XTP,1.828,2V8W;2W97;4AZA
Q8N371,AKG,4,4GJZ,1.0481,3UYJ;4QU1;6F4S
P49841,ANP,4,1O6L,1.6,1J1B;1O6K;1PYX
P00918,N7S,4,8FR4,1.123,6OTK;6OTQ;8FQZ
Q8N4E7,OXY,4,7O66,1.6,7O65;7O67;7O68
P49841,MLI,4,9X2X,1.79,9X2U;9X2W;9X2Y
P49419,UN1,4,6O4I,1.75,4ZUL;6O4F;6O4G
P11142,ADP,4,6B1N,1.8,4H5T;6B1I;6ZYJ
P50120,RH6,4,8DN1,1.32,8D6H;8D6L;8DB2
P05067,CD,4,5ONQ,1.17,3UMH;3UMI;5ONP
Q14145,ZK2,4,8PKW,1.54,8PKU;8PKV;8PKX
Q14790,DTD,4,4JJ7,1.178,1QTN;2C2Z;4PRZ
P00918,N8A,4,6OTM,1.307,6OTP;8FQY;8FR2
P00918,MZM,4,5C8I,1.56,3DAZ;3DCS;4K0Z
P50120,RTL,4,4QYN,1.19,2RCT;4QZT;4QZU
Q16539,BMU;BOG,4,3O8T,2.0,3O8P;3O8U;3OBJ
Q15596,PLM,4,7A77,1.5,7A78;7A79;8C1L
P04637,ARS,4,7DHZ,1.74,7DHY;7EDS;7V97
Q00987,WHL,4,8F10,1.28,8F0Z;8F12;8F13
P61586,DIO;GDP,4,6V6U,1.16,6V6V;8FPW;8FPX
P61769,1KX,4,3VRI,1.6,3UPR;3VRJ;5U98
P11309,ANP,4,3A99,1.6,1XR1;1YXT;2BZK
P06746,1GC,4,9Y1K,1.7,5BOL;6N2S;9Y1B
P42574,DTT,4,4QU8,1.715,4QUI;5IAB;5IAR
P11172,5FU,4,2QCF,1.22,3G3D;3G3M;3MW7
P37268,PS7,4,3WEI,1.79,3WEH;3WEJ;3WEK
P00918,SHH,4,9O8X,1.4,9OAF;9OAM;9OBJ
P06746,8DG,4,4UAW,1.9,3MBY;4UB5;4UBC
P01857,HEZ;NAG,4,2NY2,2.0,2NXZ;2NY0;2NY4
Q9NP87,8GT;DTT,4,6VF3,1.521,6VEZ;6VF8;6VFA
Q9NP87,8DG;DTT;PPV,4,7KTE,1.479,7KT4;7KT7;7KTB
P30043,NAP,4,1HDO,1.15,6OPL;7ER6;9C18
Q9NP87,DTT,4,7KTN,1.33,6VF2;6VF9;6VFC
P01308,IPH;MYR,4,8IPZ,1.4,1XDA;8HGZ;9LVC
P0CG48,CD,4,9OVX,1.5,2GBR;2JF5;3H7P
P00374,DH1;NDP,4,3FS6,1.23,3F8Y;3F8Z;3F91
Q9BY41,MCM,4,4QA5,1.76,3EWF;4QA6;4QA7
P06746,DGT,4,6NKU,1.9,4UB4;6NKR;6NKX
P0DOX5,NAG,4,5VU0,2.26,5XJF;7URU;9MCX
P06746,TTP,4,5VRX,2.2,4M9H;5VS1;5VS2
P11172,OMP;PRO,4,9HOH,1.1,7Q1H;9HOA;9HOE
Q99497,ISN,4,6AF9,1.39,6AF5;6AFA;6AFB
Q96PN6,POP,4,4CLS,1.85,4CLU;4UST;4USV
P06746,DTP;PPV,4,4KLS,1.978,4KLQ;4RQ4;4RQ5
P06746,DTP,4,6CR4,1.8,4LVS;4M9N;4RQ3
Q9UGP5,D3T,4,1XSN,1.95,3C5G;3HW8;3HWT
Q9UJ71,MAN,4,3P7G,1.5,3P5D;3P5E;3P5F
P01112,CAG,4,9WRP,1.8,1GNQ;1GNR;9WS9
P01111,GTP,4,7F68,1.24,8VM2;9GLW;9GLX
P01112,DTT;GNP,4,4DLY,1.57,3OIV;4DLV;8ELZ
P31947,WQ9,4,9EW4,1.6,8QSA;8QSB;8QSG
P01112,GCP,4,121P,1.54,1JAH;1JAI;6Q21
P01112,DTU;GNP,4,4DLR,1.319,4DLX;4DLZ;4G0N
Q9HCE5,SAH,4,5IL2,1.606,5K7W;5L6D;5TEY
Q9UGP5,TTP,4,7M43,1.978,2BCV;7UN7;9EWB
P06746,GKS,4,6MR8,1.897,6DIA;6DIC;6MR7
P29373,REA,4,2FR3,1.48,1CBS;2G78;3CWK
P31947,0B7,4,7OQ8,1.43,7OQW;7OR7;7ORH
P31947,B3P,4,6YR6,1.75,6QZR;6QZS;6YR7
P28907,NMN,4,3DZK,1.81,2HCT;3DZJ;4OGW
O00255,1PE;PG0,4,9C4T,1.461,9C4S;9C4U;9C4V
O15294,UDP,3,4N39,1.76,4N3A;5LWV
O15393,NAG,3,8S0L,1.8,9IZN;9U8G
O15527,A1LXK,3,8XWU,1.68,8XXG;8XXK
Q9Y253,CTP,3,5EWE,1.66,5EWF;8V7D
Q9Y253,CZU,3,8G8H,1.64,8G8J;8GBF
Q9Y253,DPO;STP,3,5KFQ,1.55,5KFP;5KFR
P07900,APC,3,6GP8,1.75,6GQR;6GR1
O14757,A0Q,3,5OP2,1.9,5OQ7;5OQ8
O14757,STU,3,1NVR,1.8,5OOR;7AKO
P07900,M0U,3,8AGI,2.1,8AGJ;8AGL
P07900,TUH,3,3TUH,1.8,6LSZ;8W8K
P08235,1CA,3,1Y9R,1.96,2AA7;2ABI
P08235,SNL,3,2AB2,1.85,2OAX;3VHU
P08235,STR,3,2AA6,1.95,1YA3;2AA5
P30046,7L9,3,8VG8,1.33,6C5F;8VG5
P30405,EA4,3,4ZSC,1.5,3RDC;4XNC
P31749,4IP,3,1UNQ,0.98,1H10;2UZS
P31749,XOO,3,8UW7,1.972,8UVY;8UW2
P01116,A1EZH;GDP,3,9XAM,1.23,9XB7;9XF7
P01116,A1EZK;GDP,3,9XF8,1.26,9XB3;9XBZ
P01116,AF3;GDP;ZNI,3,9BHO,1.89,9BHP;9BHQ
P31947,FC7,3,8C0L,1.6,3SMN;3SPR
P29373,B3P,3,3D97,1.5,3FA7;3FEL
P29373,LSR,3,3CR6,1.22,3F9D;3FA6
P01116,GCP;R6W,3,7ACA,1.57,7ACF;7ACH
P01116,GDP;MKZ,3,6T5V,1.31,7RP3;7RP4
P01116,GTP,3,5VPI,1.62,5VQ2;6MNX
P31947,K7N,3,7NPB,1.37,6RL4;7NND
P31947,K92,3,7NPG,1.37,6RM7;7NNE
P31947,KM8,3,6RWU,1.46,6SLX;8C4G
P31947,L1T,3,8BZA,1.25,6S9Q;6SLW
P01111,GDP,3,24SR,1.232,3CON;6ZIO
P01112,1PE;GNP,3,7OGC,1.7,7OGB;7OGF
P01112,GDP;GTP,3,9WRW,1.8,9WRU;9WRV
P31947,O6C,3,8AFN,1.36,8ADM;8AV0
P00918,VKZ,3,7ONV,1.04,7ONM;7ONQ
P31947,TJ8,3,7NQP,1.24,7BDT;9FS4
P31947,TW8,3,9GG8,1.1,7BIW;9GG7
P31947,WQT,3,9EW1,1.4,8QSD;8VSN
P35222,GLC,3,29KL,2.094,29KK;8RU4
P35247,GMH,3,9QVU,1.75,2RIB;2RIC
P36639,8OG,3,8I8S,1.42,3ZR0;9MBJ
P26368,DIO,3,5EV2,1.86,2G4B;3VAL
P28907,CXR,3,2O3S,1.5,2O3Q;2O3R
P37231,LRG,3,4L98,2.28,3D6D;4L96
P00918,V14,3,4Q09,1.2,4PYY;7NZT
P00918,V8I,3,8QH8,1.04,8QHG;8QHJ
P22455,VVW,3,8KH9,1.42,8KH7;8KH8
P24941,1RO;SGM,3,4EOP,1.99,4EOI;4EOL
P24941,4SP,3,1H1S,2.0,2C6O;4EOR
P24941,ATP;SGM,3,4EOJ,1.65,4EOO;4EOQ
P24941,CK2,3,4FKL,1.26,1PXJ;2C5O
P24941,STU,3,1AQ1,2.0,4ERW;7NVQ
P25440,1K0,3,4J1P,1.08,4MR5;4MR6
P01903,B3P;NAG,3,6BIY,2.05004900063,6BIZ;6NIX
P02689,MLT;PLM;VCA,3,5N4P,1.533,5N4M;5N4Q
P02689,PLM;VCA,3,6S2M,0.72,4BVM;6S2S
P43235,E64,3,3C9E,1.8,1ATK;3H7D
P43405,ANP,3,4FL1,1.79,4FL2;4FL3
P43490,DGB,3,4O1B,1.65,2GVJ;4O1D
P49841,ADP;DTT,3,4NM3,2.1,4NM0;4NM7
P49902,ATP,3,6DDZ,1.97,2XJD;6DE2
P00918,OE2,3,5G03,1.35,5A6H;5G01
P00918,PX7,3,6U4Q,1.306,6U4T;6UH0
P02768,T44,3,9IK6,1.69,9IK3;9IK7
P21953,BEN;TPP,3,1V16,1.9,1V11;1V1M
P22102,KT5,3,1RC0,2.05,1RBM;1RBZ
P02766,AQI,3,7QC5,1.2,9H5X;9H5Y
P02766,DNF,3,2B15,1.7,2B14;2B16
P02766,H50,3,6R6I,1.467,4I85;4I87
P02766,LU2,3,4QXV,1.12,4DEW;4QYA
P22455,0LI,3,4UXQ,1.85,4QRC;4TYJ
P22455,90F,3,7WCT,2.106,7WCW;7WCX
P22455,IH7,3,7YBX,2.233,7YBO;7YBP
P03372,GEN,3,7NFB,1.33,1X7R;2QA8
P17707,PYR,3,3EP3,1.84,3EP4;3EP9
P17707,PYR;SMM,3,3EP6,1.7,3EP7;3EP8
P17931,TD2,3,5E89,1.5,5H9P;7CXA
P18031,GV1,3,7GS8,1.67,5QDU;7FRG
P18031,JG4,3,5QDO,1.792,7FQW;7FRO
P18031,JGD,3,5QDQ,1.575,7FQV;7FRH
P18031,JHD,3,5QE7,1.713,7FQX;7FRL
P18031,JKA,3,5QFR,1.622,5QFW;7FQN
P18031,JKG,3,5QGE,1.703,5QG1;7FQM
P18031,JKJ,3,5QGD,1.661,5QG7;7FQQ
P02766,STL,3,7Q9O,1.35,1DVS;8W42
P02766,SUZ,3,4IKK,1.9,4IKJ;4IKL
P52732,ADP;NO3,3,6TLE,1.75,1II6;6TRL
P53355,KMP,3,5AUX,1.5,5AV2;5AV3
P53582,MET,3,4U6J,1.56,4U75;5YR7
P53582,OVA,3,2GZ5,1.1,5YKP;5YR5
P55072,ADP,3,6G2V,1.903,5DYG;5IFS
P00918,J3V,3,6EEA,1.63,6EBE;6EDA
P00918,MBO,3,8PHL,1.3,4JS6;8Q0C
P00918,BZ1,3,4M2V,1.718,4M2R;6BBS
P61586,ALF;GDP,3,1TX4,1.65,5JCP;5M70
P61586,DIO;GNP,3,6V6M,1.39,1KMQ;9N4A
P00918,D9Z,3,3DCC,1.6,3D9Z;4K0T
P00918,EZL,3,3DD0,1.48,3DCW;6BCC
P02766,ZP2,3,8PMA,1.2,8PM9;8PMO
P04275,NAG,3,3ZQK,1.7,3GXB;6N29
P16442,BHE;UDP,3,2RJ1,1.55,2RJ8;3V0Q
P16442,DA8;GDU,3,5C1L,1.4,2RJ7;5C1H
P16442,DA8;UPG,3,5C4F,1.41,5C4B;5C8R
P16442,DA8;URM,3,5C3B,1.4,5C38;5C48
P02794,CC9,3,9VOD,1.92,9VOE;9VON
P02794,RFT,3,6WYF,1.25,6WYG;6WYH
P03372,C3D,3,6VJD,1.8,2OUZ;6VGH
P61769,NO3,3,8ROO,1.4,8EK5;8TBW
P61769,PE4,3,4E0K,0.97,3IB4;3NA4
P61925,ATP,3,4WB5,1.641,4WB6;4WB7
P00918,AZI,3,1RAY,1.8,1CVA;1UGB
P00918,AZM;HG,3,1YDB,1.9,1YDA;1YDD
P69905,CMO;HEM;MBN,3,5E6E,1.76,1R1X;1YZI
P62508,2OH,3,2E2R,1.6,2P7G;6I63
P62826,6L8;GNP,3,6XJU,2.193,5JLJ;6XJT
P62826,GNP;K85,3,6XJR,1.941,4GMX;9OGO
P62837,OXL,3,5D1M,1.581,5D1K;5D1L
P62937,A1AHB;GNP,3,9BG3,1.33,9BG0;9BGD
P63000,FMN;GTP,3,2WKQ,1.6,2WKP;2WKR
P15121,FID;LDT;NDP,3,2PF8,0.85,2PEV;2PFH
P15121,NAP;TOL,3,2FZD,1.08,2FZB;2PDL
P16083,CB1;FAD,3,1XI2,1.5,1ZX1;2BZS
P03952,MRZ,3,5F8Z,1.5,5F8T;5F8X
P04179,MN3,3,1PM9,1.7,1VAR;7KKU
P68400,ADP,3,6YZH,1.19,6YPN;6Z19
P68400,EMO,3,3BQC,1.5,3C13;3Q9W
P68871,CMO;HEM,3,1CBM,1.74,1CH4;3W4U
P00749,GBS,3,7VM5,1.97,7DZD;7VM4
P00749,ZBR,3,4MNW,1.49,3QN7;4MNV
P80188,LIZ;YT3,3,4IAX,1.9,3DSZ;4IAW
P84243,SAH;SCN,3,5JLB,1.5,5JJY;6J9J
Q03111,GKT,3,6HPW,1.9,7B0T;7B10
Q03181,B7G;VCA,3,2AWH,2.0,2B50;2BAW
P00740,0G6,3,5JB9,1.3,5JBA;5JBC
P00742,AKG;SIN,3,9HO1,1.85,9FVW;9FVY
P04179,PEO,3,9BWQ,1.4,8VJ4;8VJ5
P14324,YS4,3,4DEM,1.85,4H5C;4LFV
P15090,Q1I,3,7G14,1.2,7FWV;7FXX
Q07817,LBM,3,6O0M,1.75,6O0L;6O0P
Q07869,P7F,3,6KB4,1.42,6KAZ;6KB9
Q07869,PLM,3,6KAX,1.23,6LX6;9IWN
Q12797,AKG,3,8RE6,1.92,6YYU;8RE7
Q13526,PE4,3,2ITK,1.45,4QIB;5UY9
Q13976,PCG,3,4KU7,1.65,4QXK;4Z07
P00558,ADP,3,5M1R,1.64,2ZGV;5O7D
P11940,SFG,3,5DX1,1.93,5DX8;5DXA
P13051,URA,3,1SSP,1.9,1EMJ;1Q3F
P14061,DHT,3,3DEY,1.7,1DHT;3KLM
P14174,CO3,3,9JIY,1.2,9JIZ;9JJ0
P05091,GAI,3,3N80,1.5,1ZUM;3N81
P05091,GAI;NAD,3,1O04,1.42,2ONP;3N82
Q15116,NAG,3,9Q8L,1.85,6JBT;9HK1
Q15561,MYR,3,9QKQ,1.74,6Q36;8C17
Q15788,VDX,3,2HC4,2.2,4RUJ;7QPI
Q16539,BOG;SB2,3,3ZS5,1.6,3GCP;3MPA
P00533,A1IMS,3,9DF3,1.68,9DF2;9GL7
P00533,R28,3,7A6K,2.0,7T4J;8F1X
P06746,DCP;PPV;QPJ,3,7RBJ,1.91,7RBI;7RBK
P11021,ADP,3,9I5Y,1.5,3IUC;5EVZ
P11021,ATP,3,6ASY,1.85,3LDL;5F1X
P11172,OMP,3,9HOR,1.3,2QCL;2WNS
P05413,STE,3,4WBK,1.37,1HMT;3WXQ
P06276,NAG,3,2XMB,2.1,3DJY;3DKK
P06730,MGT,3,5ZJZ,1.67,5ZK5;5ZK7
O96013,ANP,3,4JDI,1.85,7S46;7S47
Q86WV6,1YE,3,4QXO,1.88,4QXQ;4QXR
Q86WV6,2BA,3,6CY7,2.2,6CFF;6Z15
Q86WV6,C2E,3,4EMT,1.5,4EF4;4F5Y
Q8N4E7,PEO,3,7O69,1.35,7OWY;9EQ8
Q8N884,1SY,3,7FTG,1.73,4O67;5VDP
Q8N884,YM9,3,7FTQ,2.08,7FTO;7FU2
P00374,MOT;NDP,3,1HFP,2.1,1HFQ;1HFR
P00441,9JT,3,7T8F,1.4,5O40;6SPH
P00441,MLI,3,3CQP,1.95,3GZO;6DTK
P00441,SCN,3,2VR6,1.3,2VR7;2VR8
O76074,VIA,3,1TBF,1.3,1UDT;2H42
Q8N884,YP8,3,7FUF,1.919,7FUD;7FUG
Q8WTS6,SAM,3,1N6A,1.7,1N6C;4J83
Q92876,J08,3,6QFF,1.64,6QFG;6QFH
Q96PN6,APC,3,4OYX,1.89,4CLK;4USU
Q99497,1PE,3,6AF7,1.3,4P2G;4P34
O95989,F;I7P,3,6WO7,1.4,8TF9;9T4D
O95989,F;U6J,3,8T98,1.3,6WO8;8TFA
P10275,4HY;DHT,3,2PIT,1.76,2PIU;2PKL
P10275,FHM,3,2AX8,1.7,2AX7;2AXA
P10275,HFT,3,4OHA,1.42,2AX6;4OH5
P10275,R18,3,1XOW,1.8,1E3G;1XQ3
P10415,98I,3,8HOG,1.8,8HOH;8HOI
P00374,63Y;NDP,3,5HSR,1.21,5HQY;5HSU
Q99972,P6G,3,4WXS,1.9,4WXQ;4WXU
Q9BPX1,BGC;F45;NAD,3,6G4L,1.444,6FFB;6ZR6
Q9BPX1,NAD,3,6HNO,1.68,5JS6;5JSF
Q9BY41,SHH,3,7JVU,1.5004765401,4QA0;4QA2
O75874,AKG;NAP,3,4L03,2.1,4KZO;4L06
O75874,NAP,3,4UMY,2.07,5YFM;9VT7
O76074,VDN,3,1XP0,1.79,1UHO;3B2R
P0CG48,GVE,3,1XD3,1.45,2J7Q;3IFW
P0DMV8,ATP,3,5BPM,1.83,3D2E;3D2F
P06746,GGH,3,6NKW,1.98,2ISP;6NKZ
O94925,04A,3,8BSK,2.1,3UO9;3VOZ
Q9HCE5,SAM,3,5K7U,1.7,5IL1;5L6E
O60885,NH2,3,6U8M,1.95,6U72;6U8I
O75164,AKG,3,2Q8C,2.047,2GP5;5TVR
Q9NP87,8GT;DTT;PPV,3,6VFB,1.55,6VF0;6VF4
Q9NP87,DGT;DTT,3,7KT0,1.36,7KSZ;7KT2
P06746,PPV;TTP,3,5VS3,1.7,5VRY;5VRZ
P07900,CMP,3,6GPO,1.48,6GPR;6GQU
P09874,2YQ,3,7KK3,2.06,4PJT;4UND
P09874,78P,3,7AAC,1.593,2RD6;7KK6
P09958,PTD,3,6HZA,1.9,6HZB;6HZD
P0ABE7,8K6;CLR;D10;D12;ER0;HEX;MYS;OCT;TRD;UND;ZMA,3,6LPK,1.8,6LPJ;6LPL
P07711,NAG,3,1ICF,2.0,3IV2;3K24
P07814,1UI;PRO,3,7F99,1.979,7F9C;7F9D
P0ABE7,CLR;OLA;ZMA,3,5NM4,1.7,5NLX;6JZH
P0CG48,3CN,3,3BY4,1.55,3C0R;7MIC
Q9NP87,DUP,3,4YD1,1.75,4M04;6AKH
Q9NP87,UTP,3,5VZB,1.5,5VZ8;6AEH
Q9NUW8,OTS;SPM;VO4,3,1RG1,2.1,1RGU;1RH0
Q9NXA8,MCM,3,5BWL,1.548,6LJM;6LJN
Q9UGP5,DCP,3,7M4D,1.817,2PFP;5CWR
Q9UGP5,DCP;PPV,3,7M4E,1.903,2PFQ;7M4H
Q9UGP5,PPV;TTP,3,7M49,1.6,7M0A;7M44
Q9Y253,STP,3,5KFN,1.45,5KFM;5KFO
O60885,1K0,3,4J3I,1.24,4MR3;4MR4
Q9UJ71,2F8,3,4N32,1.75,4N34;4N36
Q9Y233,CMP,3,2OUR,1.45,2OUY;2ZMF
O60674,AQG,3,8EX0,1.85,5WIJ;8B8N
O60885,0S6,3,4F3I,1.4,5UEU;6DUV
P08581,88Z,3,6SDC,1.67,3LQ8;6SD9
P08709,BEN,3,1KLI,1.69,1JBU;5PB1
P09211,GTX;MES,3,17GS,1.9,4GSS;9GSS
P09211,MES,3,22GS,1.9,16GS;5DCG
P07900,6DL,3,5J2X,1.22,5J8M;5J8U
P07900,94M,3,3QDD,1.79,7S9F;7S9G
P07900,A12,3,6GQS,1.43,6GPH;6GPT
P07900,ADE,3,7S95,1.71,2YED;7S90
P08581,63K,3,5HO6,1.97,5HOA;5HOR
Q9Y251,NAG;NPO,2,5E97,1.63,5E98
O00255,2IZ,2,9WN9,1.5,9WNA
O00255,7IX,2,9WKW,1.63,9WKX
O00408,19F,2,5U7D,1.75,4HTX
O00408,7OJ,2,5TZZ,1.6,5TZC
O00482,EPH,2,4DOR,1.9,1YUC
O14733,95U,2,5Z1D,2.28,5Z1E
O14757,4K4,2,5OQ6,1.95,5OOT
O14757,A58,2,2E9O,2.1,4FSN
O14757,TVW,2,7BJJ,1.8,7BKO
O14936,3AM,2,3C0I,1.85,3C0G
Q9Y253,Y43,2,8FN3,2.17,8FOG
Q9Y2J8,MRD,2,4N25,1.931,4N24
O60674,DQX,2,3KRR,1.8,5UT4
O60674,AD5,2,8EX1,1.5,8BAK
O60674,3JW,2,6WTO,1.74,6VN8
O60674,35R,2,9TM5,1.45,5UT0
O60674,2HB,2,5UT5,1.9,4P7E
O43924,FAR,2,5F2U,1.85,3T5I
O43598,5HU,2,8RPS,1.75,8QHQ
Q9Y233,JKO,2,5SI1,1.75,5SK5
Q9Y233,IIR,2,5SEY,2.29,5SK3
Q9UNA4,DTP,2,3Q8Q,2.031,4EBE
Q9UM73,AWJ,2,7R7R,1.935,4CD0
Q9UIF8,TYZ,2,5PBD,1.776,5CUG
Q9UIF8,TYL,2,4CUT,1.835,5PBE
Q9UIF8,ES1,2,4CUS,1.783,5PBB
O60885,LY2,2,6G0D,1.314,4CFK
O60885,LOC,2,6AJZ,1.301,4LZR
P09012,SR,2,4PRF,2.395,1VC0
P09012,GLN,2,5DDP,2.302,5DDQ
P08709,0Z6;BGC;CAC;FUC,2,1DAN,2.0,4ZMA
P08631,VSE,2,5ZJ6,1.696,3VS3
P08581,SX8,2,3DKF,1.8,3DKG
P08581,MDI,2,8ANS,2.01,8AN8
P08581,A1JSR,2,9T0D,1.196,9T1Q
P08581,A1JSO,2,9T08,1.462,9T0B
P08581,A1JS8,2,9T3Q,1.629,9T2V
P08581,3E8,2,8AW1,2.14,8AU3
P08581,353,2,6SDD,1.93,3F82
P08263,ABY,2,1PL1,1.75,1PL2
P08254,NGH;PT,2,4DPE,1.96,4JA1
P08254,DPS,2,1CIZ,1.64,1CAQ
P08254,BBH,2,1D8M,2.44,1G05
P07900,ZZ3,2,2WI3,1.9,2WI2
P07900,B2J,2,3B24,1.7,4EGI
P07900,7PP,2,7S9H,1.45,7S9I
P07900,6GC,2,5J6L,1.75,5J9X
P07900,6FJ,2,5J6M,1.64,5J20
P07900,6FF,2,5J27,1.7,5J6N
P07900,4BC,2,1YC1,1.7,1YC3
P09874,09L,2,7KK4,1.96,7AAD
P09601,BLA,2,5BTQ,2.08,1S8C
P09467,AMP,2,7C9Q,1.878,1FTA
P09211,GTX,2,1PGT,1.8,2J9H
P09211,GSH;MES;N11,2,3GUS,1.53,3IE3
P09211,GBX;MES,2,4PGT,2.1,3PGT
P09211,EAA;MES,2,3DGQ,1.6,2GSS
P09211,EAA;GSH;MES,2,3GSS,1.9,11GS
P09211,CO3;MES,2,3HKR,1.8,3HJM
P09211,CO3;GSN;MES,2,2A2R,1.4,2A2S
P07711,424,2,2YJC,1.14,2XU1
P07148,CD;PLM,2,3VG3,2.22,3VG4
P07148,BEN,2,7FXO,1.3,7G0W
P07148,BA;PLM,2,3VG5,2.0,3VG6
P0ABE7,CLR;OLA;OLC;T4E,2,5OM4,2.0,5OM1
P0ABE7,CLR;OLA;OLB;OLC;U30,2,8CIC,2.102,8C9W
P0ABE7,AQD;OLA,2,5WIU,1.962,5WIV
P09960,DJ3;YB,2,5NI2,1.501,5NI6
P09960,BES;YB,2,1HS6,1.95,1GW6
P09960,28P;YB,2,3U9W,1.25,3FHE
P09960,11X;YB,2,3FTV,1.7,3FTW
P09958,NAG;UYQ,2,7O1Y,1.7,7O1W
P09958,NAG,2,5JMO,1.998,9FIE
P09874,3JD,2,7KK5,1.7,4R6E
P07900,E0G,2,4NH7,2.0,6LTK
P07900,BSM,2,2BSM,2.05,3OWB
P06746,GFF,2,6NL0,1.97,2ISO
P06746,G1C,2,4DOC,1.949,3JPO
P06746,FDJ,2,6CTL,2.0,6CTM
P0DMV8,ADP;TEW,2,6G3R,1.4,6G3S
P0CG48,NO3,2,6SQR,2.18,4BOS
P0CG48,NEH,2,4FJV,2.047,2IBI
P0CG48,A1IDH,2,9FJ3,1.4,9FJ4
P0AEX9,F3Q,2,8VXM,2.1,8VWZ
P0ABE7,CLR;OLA;OLC;ZMA,2,5K2C,1.9,5K2A
P07900,42C,2,4FCP,2.0,3HYZ
P07900,2GJ,2,6LTI,1.588,2VCI
P07900,2EQ,2,5NYI,1.44,2VCJ
P07814,JE6;PRO,2,7F9B,1.995,7F98
P07814,HFG;JE6,2,7X09,1.7,7X1O
P07711,YJ9,2,2YJ9,1.35,2YJB
P07711,RN2,2,7Z58,1.35,7QKC
P06746,CTP,2,3RH4,1.918,3RH6
P06746,8DG;PPV,2,4UAZ,1.88,4UBB
P06746,1RZ,2,5TB8,2.0,5U2S
P06746,1RY,2,5U2T,1.79,5TB9
P06746,0KX;CPT,2,4TUR,2.169,4TUS
P06730,W4K,2,8QM8,1.585,8QM9
P10415,JFF,2,7YA5,1.85,7Y90
P10415,1XJ,2,6QGH,2.0,4LVT
P10275,TES,2,2Q7K,1.8,2Q7I
P10253,BGC;GLC;NAG,2,5KZX,2.0,5KZW
P0DP23,KN9,2,6M7H,1.6,9JQI
P0DP23,ADP;EKI,2,8GM4,2.12,8GM5
P0DP23,85H,2,7PSZ,1.898,7PU9
P0DP23,3NY,2,7VUS,1.7,7VUU
P06746,QPJ,2,7RBF,1.84,7RBE
P06746,PPV;QPJ,2,7RBL,1.98,7RBM
P06239,STU,2,1QPD,2.0,1QPJ
P05413,P6G,2,9M1X,0.8,9M22
P05413,OLA,2,5CE4,0.98,1HMS
P05413,KNA;P6G,2,7WCI,0.85,7X48
P11172,CNU,2,3EWZ,1.4,3BK0
P11172,BMP;PRO,2,7OUZ,0.9,6YWT
P10721,STI,2,1T46,1.6,8S16
P10721,NAG,2,4K94,2.4,4PGZ
P10721,K3R,2,8S1B,2.0,7ZW8
P10721,B49,2,8S14,1.5,3G0E
P10721,AWO,2,6ITV,1.881,6ITT
P10721,9JI,2,8PQ9,1.7,8PQG
P10721,0LI,2,4U0I,2.0,8S17
P10599,EOH,2,2IFQ,1.2,2HXK
P06746,DCT,2,2FMP,1.65,1BPY
P06746,DCP;QPJ,2,7RBH,1.75,7RBG
P12821,NAG;X94,2,9QAQ,1.9,9QAU
P11362,TZ0,2,6MZQ,2.0,6MZW
P11362,66T,2,4WUN,1.65,4RWJ
P11362,38O,2,5AM7,1.957,5AM6
P11362,0LI,2,4V04,2.12,4V01
P11309,QUE,2,2O3P,2.24,4LMU
P11309,Q17,2,3UIX,2.2,4LM5
P11309,BI1,2,1XWS,1.8,2BIK
P11309,985,2,3F2A,1.9,2XJ2
P11309,8UB,2,8R0H,1.88,5NDT
P11172,PRO;U6M,2,9HPR,1.1,9HVV
P11172,PRO,2,7OV0,0.95,9HO9
P06730,GTA,2,1IPB,2.0,1WKW
P06396,ADP,2,4PKH,2.15,3A5L
P06276,GLY;NAG;VX,2,2XQF,2.1,2XQJ
P06276,DEP;NAG,2,1XLW,2.1,2XMD
P05089,S2C,2,1WVA,1.94,1WVB
P05089,ORN,2,3GMZ,1.43,3THJ
P05089,GPA,2,4FCI,1.82,4FCK
P05067,NAG,2,5CSZ,1.8,31VO
P05067,JEF,2,5HOX,1.9,5HOY
P04818,UMP,2,5X5D,2.0,6QXH
P04818,TIY,2,4G2O,2.25,4GD7
P04818,D16;UMP,2,1HVY,1.9,1I00
P14324,210,2,4KPJ,1.95,4NKF
P14174,LE2,2,4F2K,1.53,3SMB
P14174,AVR,2,4GRR,1.47,3IJG
P14174,9BE,2,3WNR,2.008,3WNT
P14061,EST;NAP,2,1A27,1.9,1FDT
P14061,EST,2,1FDS,1.7,1IOL
P12931,PTR,2,4F5B,1.57,8VCG
P12821,PE4,2,4C2R,2.3,4C2Q
P15090,MYR,2,7FXL,1.12,7FZK
P15090,MQF,2,7FWJ,1.08,7FWF
P15090,K7C,2,7FW1,1.26,7FY9
P15090,IZ7,2,7FVZ,1.12,7FWX
P15090,EHO,2,6LJW,1.4,6LJX
P15090,75D,2,7G11,1.12,4NNS
P15090,5M8,2,7FW8,1.16,5EDB
P15056,ADP,2,9RTS,2.3,9TWB
P14780,AZI;PGO;SR,2,4JIJ,1.698,4JQG
P14618,PHE,2,8X4R,2.18,6GG4
P14618,OXL,2,6WP4,1.9,3BJT
P14618,NO3;OXL,2,6WP3,1.84,6WP6
P14324,YL6,2,6N83,2.0,5JV1
P14324,M0N,2,3B7L,1.95,2VF6
P05413,3IM,2,7FBM,1.0,7FBN
P05413,2AN,2,7FDX,0.95,3WBG
P04637,LEK,2,6SI0,1.53,6SI4
P04637,FOR,2,5MCT,1.446,5MCW
P04637,EXQ,2,6GGB,1.32,6GGF
P04637,A1JQW,2,9SUK,1.56,9SZZ
P04637,A1JMR,2,9S9O,1.49,9S9Q
P15090,WKW,2,7G1J,1.11,7G0O
P15090,WJH,2,7G13,1.15,7G07
P15090,WER,2,7FZ9,0.96,7G12
P15090,WA9,2,7FYZ,1.13,7G0C
P15090,W9B,2,7G1H,1.12,7FYQ
P15090,W90,2,7FYO,1.12,7G1W
P15090,W8N,2,7G0G,1.12,7FYM
P15090,UUX,2,7FYU,1.17,7FY4
P15090,TXO,2,7G0I,1.07,7FXS
P15090,PLM,2,7FW5,1.15,2HNX
P15090,NC0,2,7FY7,1.05,7FZU
P15692,NH2,2,6Z13,1.8,6Z3F
P15121,NAP;XXQ,2,8FH5,1.62,8FH6
P15121,NAP;PAC,2,2INE,1.9,2ISF
P15121,ID5;NAP,2,1T41,1.05,1T40
P15121,FIS;NAP,2,3BCJ,0.78,1X98
P15121,62P;NAP,2,1Z8A,0.95,1Z89
P15121,53N;NAP,2,4YU1,1.02,3DN5
P15121,2CL;NAP,2,2IS7,1.7,2IPW
P04746,NAG;NO3,2,3BAI,1.9,3BAK
P04746,AZI;NAG,2,3BAX,1.9,3BAW
P04746,ARE;NAG;NO3,2,3BAY,1.99,3BAJ
P04746,ARE;NAG,2,1XD0,2.0,1XH2
P04746,ACI;NAG;PCA,2,3OLE,1.55,3OLD
P04637,YLW,2,8RBA,1.57,8RBB
P04637,SAH,2,1XQH,1.75,3TG5
P04637,NAD,2,2H4H,1.99,2H4F
P03951,7P0,2,4CRB,1.85,5E2P
P03372,TV3,2,8DUD,1.81,9BQE
P03372,RL4,2,7UJY,1.7,7UJM
P03372,OBT,2,8W03,1.68,5KD9
P03372,OBH,2,5U2D,1.86,4ZN9
P03372,KN3,2,4IW8,2.0375,3OSA
P16442,BHE,2,2RJ6,1.41,2RIY
P16442,AD7;UDP,2,2RJ4,1.47,2RJ9
P16442,4GW;BHE,2,3V0O,1.65,3V0P
P16083,FAD;STL,2,1SG0,1.5,4QOH
P16083,FAD;MZX,2,3O2N,1.6,3NHS
P16083,FAD;ML2,2,2QX8,1.6,2QX9
P16083,FAD;K25,2,4U7H,1.48,4U7F
P16083,FAD,2,4QOE,1.45,1QR2
P16083,ET;FAD,2,4ZVK,1.867,5BUC
P16083,AO;FAD,2,4ZVN,1.866,4ZVL
P03372,DES,2,4ZN7,1.934,3ERD
P03372,7EE,2,5TLU,2.223,5TLO
P03372,6WV,2,5U2B,2.22,5TLD
P03372,29S,2,6PSJ,1.8,4XI3
P02794,PD,2,9JGP,1.53,9JGO
P02794,BCN,2,4OYN,1.43,4YKH
P02794,AU,2,9W28,1.52,9W29
P17707,PUT;PYR,2,3EPB,1.75,3EPA
P16442,U5P,2,5M79,1.3,5M7A
P16442,GDU,2,5M7D,1.2,6GX0
P16442,GAL;HG,2,1ZIZ,1.49,1ZHJ
P16442,DR4;HG;UDP,2,1ZJP,1.59,1ZJO
P16442,DA8;UDP,2,5BXC,1.4,5C36
P16442,DA8;PG0;UPG,2,5C4D,1.4,5C4C
P04629,A4U,2,8J5X,2.09192247704,8J5W
P03952,BEN,2,2ANY,1.4,2ANW
P18031,BEN;VO4,2,6XEA,1.549,6XEF
P18031,6SU,2,5QDR,1.784,7FRF
P18031,073,2,2FJM,2.1,2FJN
P17947,A1AAQ,2,8VDH,1.64,8VDI
P17931,J1E,2,6QGE,1.16,6RHM
P17931,J0T,2,6RHL,1.299,6QGF
P17931,A1L0R,2,8ZUV,1.45,8Z25
P17931,A1L0Q,2,8Z1S,2.0,8Z1T
P17931,A1JZ9,2,28HS,1.1,28RY
P17931,A1J0D,2,28HW,1.1,28SA
P17931,A1J0B,2,28SB,1.1,28HZ
P17931,A1J0A,2,28IM,1.13,28SE
P17931,5A4,2,7RH4,1.201,7RGZ
P17931,59O,2,7RH3,1.05,7RGY
P03372,KN1,2,2QZO,1.72,3OS9
P03372,F3D,2,6CHZ,1.68,6CHW
P02768,GOQ;MYR,2,8RGK,1.9,8RGL
P02766,RE,2,5K1J,1.69,5K1N
P02766,R75,2,7ACU,1.541,8II2
P02766,PIT,2,8W48,1.19,8W43
P02766,PCQ,2,4MAS,1.22,2G5U
P02766,MKT,2,4Y9E,1.49,4Y9F
P02766,MKS,2,4Y9B,1.4,4Y9C
P02766,LUR,2,4IK6,2.0,4IIZ
P18031,JK7,2,5QFQ,1.621,5QFV
P18031,JJY,2,5QFP,1.771,5QFS
P18031,JJP,2,5QFE,1.563,5QFK
P18031,JHJ,2,5QE8,1.813,7FRI
P18031,JGG,2,5QDS,1.751,7FRM
P18031,JFP,2,5QDJ,1.761,7FRK
P18031,JFJ,2,5QDH,1.682,7FRJ
P18031,GRY,2,5QEG,1.97,7FQY
P19474,A1BLD,2,9PLL,1.6,9EK5
P18669,8LF;MES,2,5Y35,1.994,5Y64
P18031,PTR,2,1PTY,1.85,1PTV
P18031,OPA,2,1C87,2.1,1C86
P18031,JPV,2,5QG8,1.634,7FQS
P18031,JPD,2,5QG4,1.788,7FQR
P18031,JP4,2,5QG0,1.753,7GTJ
P18031,JO1,2,5QFY,1.769,7FRN
P18031,JNG,2,5QFA,1.742,7GT2
P18031,JN1,2,5QFD,1.693,7FQP
P18031,JMV,2,5QEW,1.826,7FQU
P18031,JLM,2,7GSX,1.67,5QF5
P18031,JLG,2,5QEM,1.754,7FRQ
P18031,JL4,2,7FRP,1.77,5QEQ
P18031,JKY,2,7GSQ,1.73,5QEU
P02768,PLM,2,4BKE,2.35,1E7H
P02766,FQ7,2,8DW5,1.52,6D0W
P02766,FLF,2,3OZL,1.9,1BM7
P02766,DIF,2,1DVX,2.0,3CFQ
P02766,B72,2,3NEE,1.55,3NES
P02766,AGI,2,4WO0,1.339,4DER
P02766,A1ISS,2,9H7I,1.21,9H7P
P22303,7PE;NAG;VX,2,6CQT,2.273,6CQX
P22102,KEU,2,1NJS,1.98,1RBQ
P21953,TZD,2,2BFF,1.46,2BFC
P21953,THV,2,2J9F,1.88,2BEU
P21953,MRD;TPP,2,2BFE,1.69,2BFB
P21802,TZ0,2,8W3D,2.04,8W3B
P21802,ACP;FLC,2,5UI0,2.05,4J96
P21675,VJM,2,7K03,1.6,7JSP
P21675,VCD,2,7K27,1.5,7JJG
P21589,ADN,2,4H2G,1.55,4H2F
P24941,CK7,2,1PXO,1.96,2WEV
P24941,BYZ,2,6Q3C,1.29,9ETP
P24941,ADP,2,4I3Z,2.05,4II5
P24941,4SP;SGM,2,2IW9,2.0,2IW8
P24941,2AN,2,3PXF,1.8,3PXQ
P23946,NAG,2,1NN6,1.75,1PJP
P23458,ADP,2,5KHW,2.47,6C7Y
P22894,BSI,2,1I76,1.2,1BZS
P22455,37O,2,4QQ5,2.203,4QQC
P22303,HI6;NAG;VX,2,6CQW,2.278,6CQY
P02766,J5R,2,7EJQ,1.15,7EJR
P02766,IMN,2,4IKI,2.0,4IK7
P02766,HH9,2,7DT5,1.25,7DT8
P02766,GEN,2,3KGU,1.85,3KGT
P02766,GBJ,2,4N87,1.794,4N86
P02766,G24,2,3NEX,1.7,3NEO
P25440,37T,2,7VRQ,1.15,7VRO
P24941,X64,2,4GCJ,1.42,3QXP
P24941,SU9,2,3PY0,1.75,6GUC
P24941,LS5,2,4FKP,1.6,1KE9
P24941,I74,2,8RU8,1.51,5JQ5
P24941,HHT,2,6Q4D,1.07,9ESJ
P24941,HHN,2,6Q4B,1.12,9ET0
P24941,HH8,2,6Q4C,1.73,9ESY
P24941,HGW,2,6Q4A,1.13,9ESZ
P24941,HGQ,2,6Q49,1.0,9ET7
P24941,HEW,2,6Q3F,1.18,9ET9
P24941,FB8,2,6GUH,1.5,6GUE
P24941,F18,2,2CLX,1.8,3TNW
P24941,EZV,2,3EZV,1.99,3F5X
P24941,CMG,2,1E1V,1.95,1H1P
P24941,CK8,2,2C5N,2.1,1PXP
P02766,3RL,2,8W46,1.35,4WNS
P02766,1W4,2,4L1S,1.5,8U52
P01903,MES,2,8CMC,1.42,8CME
P01903,DHL,2,8CMH,1.64,8CMB
P01857,NPE,2,1GAF,1.95,1AJ7
P01857,MLI,2,3SGJ,2.2,3SGK
P25440,TEP,2,7VRM,1.1,7VRK
P25440,O6O,2,7USG,1.2,7USI
P25440,HWV,2,6ONY,1.98,6E6J
P25440,HFU,2,7DPN,1.79998842375,7DPO
P25440,G3J,2,6DBC,1.05,6DB0
P25440,BUX,2,7EO5,2.0,7ENV
P25440,8NG,2,9X7C,2.3,9L61
P25440,7UM,2,7VS1,1.25,7VSF
P25440,7UH,2,7VS0,1.25,7VRZ
P25440,73B,2,4UYF,1.6,4UYG
P01584,S8D,2,5R8K,1.47,5R8J
P01308,TYL,2,1TYL,1.9,1TYM
P01308,RCO;URE,2,2OLY,1.7,2OM0
P01308,RCO;SCN,2,2OLZ,1.7,2OM1
P01308,NAG,2,8ONI,2.3,1JK8
P01308,DIO,2,2G56,2.2,2G54
P01308,ARG;SRO,2,5MT9,1.88,5MT3
P28907,N1C,2,2PGJ,1.71,2PGL
P28907,AVU,2,3I9M,1.75,3OFS
P28482,EK6,2,4FV3,2.2,6DMG
P28482,6QB,2,5K4I,1.76,6OPH
P27695,PB,2,1HD7,1.95,1E9N
P27487,LF7;NAG,2,6B1E,1.77,3W2T
P25774,GNQ,2,2HHN,1.55,2HH5
P02766,7BD,2,4TQ8,1.52,3GS4
P02766,6BD,2,4TQI,1.25,3GS0
P01116,GCP;JJN,2,6QUV,1.475,6QUX
P01116,FAR;GDP,2,5TAR,1.9,5TB5
P01116,CD;GNP,2,5UFQ,2.199,5UFE
P29597,IZA,2,3LXP,1.65,3NZ0
P29475,H4B;HEM;KMI,2,7TS6,1.8,9CVS
P29474,BTB;GD;H4B;HEM;WK2,2,8UFT,1.78,8UFR
P29375,DQG,2,6BGV,1.592,6BH1
P29375,AKG,2,5IVB,1.389,5E6H
P29373,LMC,2,4QGX,1.471,4QGV
P29317,BTN,2,6NJZ,1.9,6NKP
P29317,ANP,2,5I9W,1.359,1MQB
P29317,ACP,2,7KJA,1.75,7KJC
P29317,8ZZ,2,5NK2,1.649,5NK7
P01857,MES,2,4NWT,1.75,5K64
P01857,FUC,2,2IWG,2.35,5D4Q
P01857,AML,2,3TV3,1.29,3TWC
P01116,8ZG;GDP,2,6B0Y,1.43,5V71
P01116,21F;GDP,2,4LYH,1.371,4LYJ
P01112,GTP;XY2,2,2CL7,1.25,2CLC
P01112,GNP;YCN,2,3L8Y,2.02,8OSO
P31947,60H,2,6FI5,1.7,6FI4
P31947,0V4,2,6NV2,1.13,4FR3
P31749,A1JWY,2,9TN1,2.2,9TN3
P31749,A1JWX,2,9TMV,1.9,9TMW
P31153,PPK;SAM,2,6G6R,1.35,4NDN
P31153,ADN;PPK,2,6FBP,1.65,6FBO
P30405,7I6,2,4J5C,1.03,4ZSD
P30405,1PE,2,4O8H,0.85,4O8I
P01308,ACN;IPH,2,5UQA,1.31000248093,6TYH
P01308,ACN,2,1G7A,1.2,1G7B
P01116,GDP;WYU,2,9IAY,0.953,8QUG
P01116,GDP;VU6,2,8ONV,1.01,9IB5
P01111,GNP,2,5UHV,1.672,6E6H
P31947,KDK,2,6RP6,1.885,6S3C
P31947,K8W,2,7NN2,1.8,6RM5
P31947,K7Q,2,6RL6,1.6,7NMX
P31947,K5Z,2,6RJL,1.28,6S39
P31947,K48,2,6RHC,1.2,6RL3
P31947,JT2,2,6R5L,1.884,6RJQ
P31947,FJA,2,3SMO,1.8,3SMM
P31947,EZ5,2,8BZH,1.46,6GHP
P31947,A1DAJ,2,11SJ,2.4,11SI
P01116,A1EN3;GDP,2,9U5T,1.8,9U50
P01116,A1AWR;GDP,2,9DMM,1.9,9PZY
P01116,A1AOL;GNP,2,9BFY,1.26,36OI
P01116,A1AG3;GDP,2,9YMQ,1.2,9YMO
P01116,A1AG3;GCP,2,9YMP,1.12,9YMR
P01116,9R5;GNP,2,5OCG,1.48,5OCT
P34913,4VY,2,5AI4,1.93,8QVL
P34913,49N,2,9QZV,2.04,4Y2Q
P33981,O23,2,3WZK,2.3,6TNC
P31947,TJI,2,8C2E,2.2,8C2F
P31947,S9E,2,7NM9,1.7,7AYF
P31947,P5N,2,7NIF,1.71,6YP2
P31947,OQ3,2,8B5P,1.4,8B2K
P31947,O6L,2,8AXU,1.6,8ATR
P31947,O5I,2,8ATS,1.4,8AZE
P31947,O4I,2,8AV7,1.4,8AWG
P31947,LF5,2,8BZ9,1.3,6SIQ
P01112,GNP;HEZ,2,3RS4,1.7,1P2V
P01112,ETF;GNP,2,3RS2,1.836,1P2S
P01112,DBG,2,1CLU,1.7,1RVD
P01112,CAG;XY2,2,2EVW,1.05,2CL6
P01112,BEF;GDP,2,8CNJ,1.35,8CNN
P37231,8LX,2,5Y2T,1.7,5YCN
P37231,3JX,2,5DWL,2.2,4R2U
P36969,SCN,2,7L8R,1.52,7L8L
P36897,STU,2,5E8X,1.45,5E8W
P36897,A1D6I,2,8YHF,1.4,8YHL
P36897,5L4,2,5E8Z,1.51,5E90
P36639,IGU,2,8I8T,1.22,9MBN
P36639,16V,2,9XRI,1.08,9XRJ
P35968,AXI,2,4AG8,1.95,4AGC
P35247,MAN,2,3IKR,1.65,3IKQ
P35247,IPD,2,3IKP,1.75,2ORK
P34913,XQ9,2,5ALZ,2.3,8QVF
P34913,AUB,2,5AM3,2.2,8QVH
P34913,6N8,2,5AKL,2.0,8QVG
P34913,6N4,2,5AKJ,2.03,8QWI
P34913,6N0,2,8QVK,2.1,5AKE
P39900,6PJ;R47,2,5L7F,1.8,5L79
P39900,56O,2,5D2B,1.2,5D3C
P37268,FPS,2,3WEG,1.75,3WEF
P37231,WY1,2,8CPI,2.1,8CPH
P37231,Q33,2,8B8Y,2.0,8B8Z
P37231,MLI,2,7CXK,2.2,7CXI
P37231,IMN,2,3ADS,2.25,4XUM
P37231,GW9,2,8FHE,1.8,3B0R
P37231,GEV,2,6DGL,1.95,6VZM
P37231,EEY,2,6ONI,1.8,6PDZ
P37231,DRH,2,2I4P,2.1,2I4Z
P37231,DIF,2,4OJ4,2.3,4XTA
P37231,BJB,2,6ENQ,2.2,8HUM
P37231,AXY,2,6F2L,2.1,4JL4
P37231,A8R,2,8B8X,1.78,7SQA
P37231,9CR;BRL,2,5JI0,1.98,1FM6
P01011,DXT,2,5OM2,1.47,5OM3
P01011,DM2,2,5OM7,1.727,6FTP
P01009,GLY,2,8PI2,1.48,6IAY
P00918,XCZ,2,5EH5,1.207,5FLR
P00918,WZB,2,3OIK,1.5,2X7T
P00918,WWZ,2,3N4B,1.6,5JN3
P00918,WJN,2,8UFX,1.212,8UFW
P00918,VZD,2,7K6L,1.655,7K6Z
P00918,VZ5,2,3OIM,1.45,3OIL
P00918,VZ4,2,3OKV,1.45,3OKU
P00918,VZ1,2,7K6K,1.306,7K6X
P00918,VYY,2,7K6U,1.605,7K6J
P00918,VYV,2,7K6I,1.406,7K6T
P00918,VS9,2,8OLF,1.45,8OMH
P00918,VRN,2,8OMB,1.35,8OKT
P39900,NGH,2,1RMZ,1.34,5LAB
P00918,VQC,2,8OKQ,1.0,8OKE
P00918,VGV,2,7JNZ,1.289,7JOB
P00918,VGS,2,7JNX,1.286,7JO3
P00918,VFM,2,7JNW,1.292,7JO2
P00918,VFJ,2,7JNV,1.49,7JO1
P00918,VFG,2,7JNR,1.443,7JO0
P00918,V50,2,7NZW,1.45,6YHB
P00918,U7J,2,6WQ9,1.305,7SV8
P00918,U77,2,6WQ8,1.405,7SUW
P00918,U6V,2,6WQ7,1.304,7SV1
P43235,9ZG,2,7QBN,1.55,7QBO
P43235,1XF,2,6ASH,1.423,5J94
P42574,MRD,2,2XZD,2.1,2Y0B
P40261,A1IPM;SAH,2,9GVM,1.67,9H5O
P39900,R47,2,4GQL,1.15,5CZM
P01011,HCY,2,6HGF,1.651,6HGG
P48730,AMP,2,7P7G,1.7,7P7H
P48730,ADP,2,6RU8,1.92,6RU7
P48730,A1JN9;MLI,2,9SIV,1.5,9SJ1
P48730,0CK,2,3UZP,1.94,3UYT
P47929,LBL,2,6VTO,1.69,7TKX
P47929,4S0,2,4UW4,1.766,4UW5
P43490,NCA,2,8DSI,1.43,2E5D
P43490,2P1,2,4O13,1.75,4O15
P43490,1XC,2,4O16,1.783,4L4L
P43490,1QS,2,4KFO,1.6,4O28
P43405,5JG,2,6ZCR,1.73,6ZCU
P43405,3YT,2,4RX9,1.75,8X5K
P43235,A0U,2,7QBM,1.88,7QBL
P00918,VRI,2,8OKJ,1.4,8OLI
P00918,VQW,2,8OKP,1.25,8OMP
P00918,VQH,2,8OLK,1.27,8OKG
P00918,Q71,2,6UGZ,1.306,6UGR
P00918,Q3W,2,6Z04,1.05,6YZR
P00918,Q3Q,2,6YZN,0.95,6YZQ
P00918,Q3N,2,6YZK,0.99,6YZS
P00918,Q3K,2,6YZW,1.03,6YZO
P00918,Q3H,2,6YZX,1.1,6YZP
P00918,Q2Z,2,6YZJ,1.2,6YZV
P00918,P8B,2,8AAE,1.15,6YO4
P00918,OXY,2,1RZC,1.9,1RZA
P50053,VTJ,2,8OME,2.0,8OMF
P50053,ANP;FRU,2,2HW1,2.1,3NBV
P50053,A1ICK,2,9FHD,1.845,9FHE
P49902,DTP,2,5OPM,1.68,5OPK
P49841,ADP,2,1J1C,2.1,4NM5
P49773,6CG,2,5IPE,1.45,5IPD
P49419,1PE;NAD,2,6O4C,1.7,6O4B
P53582,Q08,2,4U6W,1.83,4U1B
P53582,Q07,2,4U69,1.6,4U6Z
P53582,Q02,2,4U73,1.8,4U6E
P53355,GEN,2,5AV4,1.4,5AUZ
P53355,86Q,2,9O73,1.49,1P4F
P53350,ANP,2,8X72,2.2,2OU7
P53350,8Z5,2,5NJE,1.978,5NMM
P52732,ADP;NAT,2,1X88,1.8,1Q0B
P52732,ADP,2,4ZCA,2.3,4ZHI
P51531,A1A1P,2,9E31,1.96,9D12
P51531,A1A1O,2,9D11,1.684,9E30
P51449,4F1,2,5C4O,2.24,4YPQ
P50120,ZFG,2,7MFY,1.26,7LSQ
P00918,SO3,2,2CBD,1.67,5CAC
P00918,Q7A,2,6UGQ,1.305,6UGP
P00918,Q77,2,6UGN,1.406,6UGO
P56817,AXF,2,2F3F,2.3,5QCS
P56817,AR9,2,3DV1,2.1,5QCW
P56817,AFJ,2,3DUY,1.97,5QCQ
P56817,957,2,4I0I,2.2,3NSH
P56817,66F,2,5HU1,1.5,7D2V
P56817,5T5,2,5EZX,1.9,6DMI
P56817,0GT,2,3VG1,1.77,4D83
P56817,0BI,2,3K5C,2.12,5QD7
P55072,AGS,2,4KO8,1.98,3HU3
P54760,STU,2,2YN8,2.11,3ZEW
P54274,UUP,2,9HD9,1.87,9HF6
P54274,TT3,2,9HCZ,1.55,9HFA
P54274,A9E,2,9HCY,1.93,9HD0
P54274,A1ITZ,2,9HCV,2.08,9HFH
P53779,ANP,2,8WGF,1.85,1JNK
P53582,TN4,2,5YR6,1.75,5YR4
P00918,N7D,2,6OUH,1.449,6OUI
P00918,N7A,2,6OUF,1.358,6OUE
P00918,MES;WWO,2,5EHE,1.5,4QTL
P00918,LSA,2,6FJJ,1.5,4RIV
P00918,KRY,2,6NM0,1.44,6NLV
P00918,J4D,2,6EEH,1.629,6ECZ
P00918,I7B,2,3L14,1.22,2POV
P00918,HGB;SCN,2,8OGE,1.46,8OGD
P56817,VG5,2,2VJ6,1.8,2XFJ
P56817,URE,2,4FGX,1.59,3TPJ
P56817,H24,2,4FS4,1.74,2VA6
P56817,CS5,2,3L58,1.8,2QK5
P56817,BXD,2,4D89,1.65,4D8C
P56817,BSD,2,2VKM,2.05,5MCO
P56817,BAV,2,3DV5,2.1,5QDB
P56817,AXQ,2,2F3E,2.11,5QD4
P00918,FB2,2,2WEJ,1.45,4JSZ
P00918,F6B;HG,2,1G48,1.86,1G53
P00918,F2B;HG,2,1G52,1.8,1G46
P00918,EVJ,2,4N0X,1.63,3S78
P00918,EVI,2,5JGT,1.1,3S77
P00918,D8W,2,3DBU,1.7,3D8W
P00918,CQS,2,6B5A,1.622,6B59
P61769,1PE,2,7ALO,1.8,6UJ8
P61626,NDG,2,7XF7,1.55,7XF8
P61586,LXA,2,7G85,1.735,7G8G
P60953,GNP,2,1NF3,2.1,4YC7
P60953,GDP,2,4DID,2.3501,2WMN
P60953,GCP,2,2ODB,2.4,2QRZ
P60953,AF3;GDP,2,2NGR,1.9,1GRN
P00918,N7M,2,6OUD,1.256,6OUB
P00918,N7J,2,6OUK,1.498,6OUM
P61769,TAM,2,6TMO,2.1,4JFD
P61769,P6G,2,9J4V,1.98,7LG0
P61769,P4G,2,9C6X,1.7,6SS8
P61769,NHE,2,6NHA,2.381,5WHK
P61769,MYR,2,7WJ3,1.5634361884,9WJD
P61769,MLI;NAG,2,9NMY,2.01,9NMX
P61769,GLY;MET,2,6TDQ,1.6,6TDO
P61769,FLC,2,7SIG,1.741,6VM8
P61769,CYS;JG5;MES,2,6QIO,1.95,6QIP
P61769,BTB,2,7SIF,1.73,7NME
P61769,AGH;NAG,2,6V7Y,2.4,3HUJ
P61769,7ZS,2,5U6Q,1.9,7ZT5
P61769,1VY,2,4L4V,1.9,4LCW
P00918,FSB;HG,2,1G45,1.83,1G1D
P00918,FFB;HG,2,1G4J,1.84,1G54
P00918,FB2;MBO,2,4YX4,1.01,4JSA
P00918,BBJ,2,6IC2,1.15,6VKG
P00918,AYX,2,3N2P,1.648,5JMZ
P00918,AUD,2,5WG7,1.45,5WGP
P00918,ARZ,2,7JOC,1.385,3MHC
P00918,A1H9O,2,9F2F,1.52,9F2E
P00918,A1H69,2,8OLA,1.4,8OMN
P00918,A1H15,2,8ROW,1.05,8RNS
P62136,GNP,2,7TXH,1.95,7TVF
P62136,16P,2,6ZEG,1.09,6ZEE
P61925,M05,2,2VO6,1.97,2VO7
P61925,L20,2,2JDS,2.0,2JDV
P61925,I5S,2,2C1A,1.95,2JDT
P61925,GTP,2,3WYG,2.15,5XOJ
P61925,ADP;SR,2,4IAY,2.0,6E21
P61925,4L7,2,4Z83,1.8,4UJA
P61769,URE,2,1XR9,1.788,1XR8
P63000,AF3;GDP,2,1HE1,2.0,1G4U
P62942,RAD,2,1NSG,2.2,2FAP
P62942,818,2,6YF0,1.55,1FKD
P62937,UMM,2,6X3Y,1.4,6X4M
P62937,NH2;WHL,2,7UXM,1.2,7UXJ
P62937,L36,2,6GJM,1.354,6GJJ
P62937,GLY;PRO,2,4N1M,1.15,5CYH
P62937,EA4,2,6GS6,1.16,3RDD
P62826,GNP;V6A,2,6XJS,1.942,7L5E
P62826,GNP;RJA,2,4HAU,2.0,4HAX
P62826,GNP;LBF,2,4HAZ,1.9,4HB0
P62826,F2X;GTP;NO3,2,6M60,2.17,5YSU
P62508,OHT,2,2GPU,1.7,2P7Z
P00918,CHD,2,4N16,1.54,4PXX
P00918,BEZ;HG;LSA,2,2Q1B,1.7,2Q38
P00918,BCN;V90,2,4Q06,1.15,6ROF
P00918,7Q1,2,5TXY,1.206,5TY8
P00918,72H,2,5SZ3,1.689,5SZ7
P00918,72G,2,5SZ6,1.15,5SZ2
P00918,72E,2,5SZ5,1.274,5SZ1
P00918,72D,2,5SZ4,1.6,5SZ0
P00918,6LU,2,6UZU,1.5,5JN7
P00918,6IV,2,7RRE,1.44,7RRF
P00918,5OO,2,5EHW,1.392,5FNK
P00918,5ON,2,5EHV,1.208,5FNL
P00918,5O6,2,5EH8,1.381,5FNM
P00918,4WA;HGB,2,5BYI,1.15,5T72
P00918,4MZ;HG,2,1MOO,1.05,1G0E
P00918,4MZ,2,4HEY,1.45,2FNN
P63104,PPI,2,3NKX,2.4,3CU8
P63104,CD,2,9FVL,2.08,9FUM
P63104,9SZ;BEZ,2,5M37,2.35,5M36
P68400,TXQ,2,3Q9Y,1.8,3Q9Z
P68400,TBS,2,6TLL,1.88,7QGE
P68400,NAG;UDP,2,4GYW,1.7,5HGV
P68400,N5Q,2,6YPG,1.51,6YPH
P68400,FXB,2,6HBN,1.59,6HME
P68400,B0K,2,5OWL,2.23,5OWH
P68400,A8Q;ATP,2,6GMD,1.66,5OS7
P68400,A1ITG,2,9H97,1.7,9H9D
P68400,A1H27;BEZ,2,6Q4Q,1.45,6Q38
P68400,7FC,2,5M4F,1.519,5M4I
P68400,54S,2,5CU4,1.56,5CU3
P63279,5VM,2,5F6Y,1.14,5F6X
P63279,5VL,2,5F6V,1.492,5F6W
P00918,8JS,2,5WEX,1.26,5ULN
P00918,86B,2,5WLR,1.49,5WLT
P00918,7QV,2,5TY9,1.53,5TY1
P00918,0TR;MBO,2,5THJ,1.5,5THI
P00918,0NM,2,4QEF,1.469,4E5Q
P00749,PZH,2,5YC6,1.18,5YC7
P00749,PL0,2,2O8W,1.86,4X1R
P00749,P6G;ZBR,2,4JK5,1.55,4JK6
P00749,HMX,2,5ZA7,1.7,6JYP
P00749,ESI;FLC,2,1C5X,1.75,1C5W
P69905,2FU;HNI,2,6LCW,1.4,6LCX
P69905,2FU;HEM,2,1UIW,1.5,1BIJ
P68871,HEM,2,1CBL,1.8,6FQF
P68431,SRO,2,7CFP,1.6,7CFQ
P68431,NAD,2,3RIY,1.55,3U31
P68431,MYR;NAD,2,9VGZ,2.34,9VH0
P68431,MYR,2,9VG0,1.61,9VG3
P68431,MLI,2,6MIL,1.93,5FB1
P68431,AKG;TBU,2,6F6D,1.81810675209,5OY3
Q00987,FLC,2,2VJE,2.2,2VJF
Q00987,6GG,2,5J7G,1.85,5J7F
P84243,SFG,2,5DX0,2.05,5DWQ
P84243,SAM,2,9G4A,1.653,8RZU
P78536,INN,2,2DDF,1.7,1BKC
P69905,HEM;XE,2,2W72,1.07,2W6V
P69905,HEM;MBN;NO2,2,3D7O,1.8,3ONZ
P69905,HEM;L35,2,2D5Z,1.45,2D60
P69905,FRU;GLC;HEM;OXY,2,5HY8,2.3,3B75
P69905,CMO;HEM;TMM,2,1SDL,1.8,1SDK
P69905,A1ITR;CMO;HEM,2,9HBA,1.51,28OD
P00918,42G,2,5WLU,1.39,5WLV
P00918,3QR,2,6GCY,1.3,4RIU
P00918,3NT,2,7Y2C,1.2,7Y2E
P00918,3J4,2,4R5B,1.5,4R5A
P00918,0VV;BE7;HG,2,6SDI,1.03,6SDH
P00749,32I,2,5ZAJ,1.65,6L04
P00749,130,2,1GJC,1.73,1GJB
P00747,ACA,2,1CEA,2.06,2PK4
P00742,SIN,2,9HO0,2.14,9HNZ
P00742,RIV,2,2W26,2.08,5VOF
P00742,AKG;SCN,2,9FVV,1.6,9FVU
P00742,4PP,2,1XKA,2.3,1XKB
P00740,0GJ,2,5JB8,1.45,5JBB
Q06187,R1L,2,7L5O,1.21,7L5P
Q06187,BTB;Y7W,2,8FLN,1.334,8FLL
Q06187,A1B6R,2,7I9A,2.11,9RL9
Q06187,4IP,2,1BWN,2.1,1B55
Q06187,2VL,2,5P9F,1.71,4OTF
Q06187,1N1,2,3K54,1.94,3OCT
Q06124,5OD,2,5EHR,1.7,6CMR
Q04206,SAM,2,3QXY,2.09,3RC0
Q08499,ROF,2,1XOQ,1.83,3G4L
Q08499,AKU,2,6INK,1.7,6INM
Q08499,AH9,2,6IMD,1.499,6IMB
Q07869,T4T,2,6KB1,1.25,6KB6
Q07869,S44,2,7E5F,1.79,2ZNN
Q07869,ITY,2,6KB0,1.35,6KB5
Q07869,HW3,2,7E5I,1.58,7E5H
Q07869,EWR,2,6LXC,2.03,6LXB
Q07820,OK5,2,8EKX,1.55,6YBL
Q07820,JL8,2,6QZ8,2.15,6QYN
Q07820,CD,2,4BPI,1.982,3PK1
Q07817,V9S,2,7JGW,1.3,7JGV
Q06187,YXJ,2,8GC8,1.75,8GC7
P00749,EAU,2,5ZAE,1.73,6JYQ
P00749,BEN,2,2O8U,1.7,1F5K
P00749,50I,2,5ZA9,1.62,6L05
Q13526,1PE,2,2F21,1.5,1ZCN
Q13451,UUI,2,8CHN,0.99,8CHR
Q13451,S8N,2,8BA6,1.1,7AWF
Q13451,RAP,2,4DRI,1.45,4DRH
Q13451,A1IN3,2,9GQ5,1.93,9GQ9
Q13451,9QN,2,5OBK,1.0,8BAJ
Q13451,37K,2,4TW7,1.25,6TXX
Q13451,0MD,2,4DRO,1.1,4DRP
Q13451,0MC,2,4DRN,1.069,4DRM
Q13191,Z3N,2,8GCY,1.81,8QNH
Q13153,A1A2S,2,9D4X,1.847,9D4Y
Q12830,EUO,2,7F5D,1.5715086186,6LU5
Q12797,Q1Z,2,6YYV,1.77,8RE8
Q12797,OGA,2,5JZA,2.14,6RK9
Q12797,LMR,2,5APA,2.05,5JZ6
Q12797,IO9,2,7YBB,1.68,7YBA
P00734,BMZ,2,1GHX,1.65,1GHW
P00734,BEN,2,3D49,1.5,1C5O
P00734,32U,2,5MM6,1.29,2ZDA
P00734,23U,2,5MJT,1.4,3DHK
P00734,22U,2,2ZC9,1.58,5MLS
P00734,0ZJ;HG,2,1NU7,2.2,1NU9
P00734,0G6;JKR;JL0,2,7ZKM,2.0,7ZKO
P00720,12P;ACM;BU1;CAU;CLR;PLM,2,2RH1,2.4,5D5A
P00558,3PG;ADP;MGF,2,2WZB,1.47,3ZOZ
Q14145,A1JB1,2,9R1Z,1.5,9R1C
Q13976,HEZ,2,4R4L,2.245,3NMD
Q13976,CMP,2,4QX5,1.318,3OCP
Q13976,ANP,2,6BG2,1.83,7LV3
Q13526,DTT;P33,2,8VJE,1.7,8VJF
Q13526,A1EFQ;PE8,2,9KGO,1.62,9KXK
Q13526,A1D9T,2,9JJS,1.52,9INN
Q15788,WU6,2,8SVX,2.14,8SVT
Q15788,SRL,2,1NRL,2.0,3HVL
Q15788,REA,2,1N4H,2.1,4DM8
Q15788,EST,2,3OLL,1.5,3OLS
Q15788,643,2,3FXV,2.26,5Q0X
Q15596,TES,2,2Q7J,1.9,2Q7L
Q15596,MOF,2,4P6W,1.951,4E2J
Q15596,DHT,2,1T65,1.66,1T63
Q15596,B81,2,9ECF,2.0,9EBL
Q15370,JH9,2,7ZLS,1.92,7ZLR
Q15370,FWZ,2,6HR2,1.76,6HAX
Q15059,JQ1,2,3S92,1.36,3S91
Q14191,AGS,2,8PFP,1.6,9S19
Q14145,FUU,2,3VNH,2.1,3VNG
P00734,SVR,2,2H9T,2.4,3BF6
P00734,MRD;NAG,2,3U8O,1.28,3U8R
P00533,MWU;PE5,2,8HV4,2.2,8HV3
P00533,MES,2,7SI1,1.6,4WRG
P00533,KY9,2,8A2A,1.43,8A2B
P00533,IRE;MES,2,4WKQ,1.85,3UG2
P00533,A1IMT,2,9GL8,1.632,9GL9
P00533,A1BYK,2,9NIS,2.23,9WR8
P00533,03P,2,3POZ,1.5,3W2O
Q16790,J8N,2,6QN5,1.96,6QUT
Q16769,PBD,2,3PBB,1.95,4YWY
Q16665,OGA,2,1H2K,2.15,1H2M
Q16665,AKG,2,5JWP,2.1,1H2L
Q16611,K6G,2,6UXR,1.8,8SRX
Q16539,EDD,2,3NNW,1.89,3NNX
Q16539,BAX;BOG,2,9R25,1.8,3GCS
Q16539,AQZ,2,4A9Y,2.2,2BAK
Q16539,469;BOG,2,3ZSH,2.05,3HUB
Q7Z4V5,A1D73,2,9G94,1.73,8Z6C
Q6SZW1,MES,2,6O1B,1.67,6O0V
Q6P988,NAG;SRK,2,7B37,1.34,7B3F
Q6B0I6,YC8,2,5FP4,2.0,5FP7
Q6B0I6,IEJ;OGA,2,4D6R,1.398,5PHM
Q6B0I6,DMD;OGA,2,5PH3,1.24,4D6S
Q6B0I6,8EJ;OGA,2,5PH4,1.269,5PH2
Q58F21,IBI,2,7LEJ,1.73,5VBR
Q460N5,AR6,2,4ABK,1.6,3Q71
Q460N3,3AB,2,7F41,1.39721383763,9IFV
P00558,3PG;ACP,2,2XE8,1.79,2X14
P00558,3PG,2,2XE6,1.74,3C39
P00533,YY3,2,6LUD,2.05,6JXT
P00533,W2R,2,3W2S,1.9,3W2R
P00533,QQJ,2,6V6K,2.2,6VHN
P00533,NAG,2,4UV7,2.1,8UKW
P00491,IMH,2,1RT9,2.3,1RR6
P00441,CD,2,1MFM,1.02,4BCY
P00374,TQD,2,1S3V,1.8,1S3U
P00374,TOP,2,3S3V,1.53,3N0H
P00374,OAG,2,4G95,1.35,3OAF
P00374,MTX;NDP,2,1U72,1.9,1DLS
P00374,GHW;NDP,2,3GHW,1.24,3GI2
Q8N884,JUJ,2,9J2Y,2.08,6MJW
Q8N884,ATP;YR6,2,7FUI,1.74,7FUJ
Q8N884,AEV;LLS,2,6O47,2.196,9J2X
Q8N4E7,AU,2,5Z8S,1.973,5Z8J
Q8IXJ6,F4R,2,7BOS,1.7,7BOT
Q8IXJ6,AR6,2,5D7O,1.63,3ZGV
Q8IXJ6,3TE,2,9FDS,1.4,4RMH
Q8IVV7,L6U,2,7U3J,1.642,9OK4
Q8IU60,LFG,2,5QP8,1.64,5QOZ
Q92793,JHL,2,7XH6,1.75,8FV2
Q92793,2LL;NO3,2,4NR5,1.66,6DMK
Q8WWQ0,XLP,2,5S9G,1.091,5S8G
Q8WWQ0,3PF,2,5S8N,1.23,5S8P
Q8TEK3,SAM,2,3QOW,2.1,1NW3
Q8NFU5,ADP;I3P,2,5W2I,1.6,5W2H
Q8NBP7,A1IYR,2,9HZ3,1.432,37HF
Q8NBP7,89N,2,7S5H,1.272,7S5G
Q8NBK3,CXS,2,1Z70,1.15,1Y1J
Q8N884,YU6,2,7FUM,2.06,7FUN
Q8N884,YPU,2,7FTS,2.215,7FTT
Q8N884,YOB,2,7FU9,1.668,7FU8
Q8N884,YMO,2,7FU4,1.926,7FU5
Q8N884,YME,2,7FU3,1.822,7FTL
P00519,AXI,2,4WA9,2.2,4TWP
P00519,919,2,3QRJ,1.82,3QRI
P00374,G3V;NAP,2,5SDB,1.55,6DAV
P00374,FOL;NAP,2,4M6K,1.396,7ESE
P00374,FOL,2,1DRF,2.0,1DHF
P00374,DTM,2,1MVT,1.8,1MVS
P00374,D2D;NDP,2,3NXX,1.35,3NXR
P00374,COP;NDP,2,1OHJ,2.5,1OHK
O95989,O81,2,6PCK,1.2,6WO9
O95989,I7P,2,6PCL,1.3,6WOC
Q96PN6,BCT,2,4CLL,1.7,4OYZ
Q96MU7,OYN,2,7P88,1.5,6YM8
Q96MU7,OYK,2,7P8A,1.7,6YM2
Q96MU7,OWH,2,7PJQ,1.2,6YL0
Q92918,F97;MES,2,7R9N,1.5,9NC2
Q92918,B49,2,6NG0,2.05,6NFY
Q92876,BEN,2,1LO6,1.56,1L2E
Q92793,OSQ,2,6YIL,1.22,6YIK
O95696,8TP,2,5POH,1.61,5POY
O95696,8TJ,2,5POV,1.57,5POG
O95696,8RV,2,5POJ,1.62,5POF
O95166,OXE,2,7ZKR,1.1,7ZL7
O94925,GLN,2,7SBN,2.14,3VP0
O94925,63J,2,5JYO,2.098,5HL1
O75874,NDP,2,8VH9,2.13,8VHC
O75874,ICT;NAP,2,8VHD,2.38,1T0L
O75874,AKG;NDP,2,3INM,2.1,7PJM
Q9H2K2,09L,2,4TKG,1.95,3U9Y
Q9GZT9,A1Z,2,7UMP,1.8,5OX6
Q9GZT9,4HG,2,2G19,1.7,2G1M
Q9GZT9,2JP;BCT,2,6YVX,1.8,6YW0
Q9C029,MLI,2,6UMA,1.6,6UMB
Q9BYW2,SAH,2,4H12,2.06,5JLE
P00374,GHC;NDP,2,3GHV,1.3,3GHC
O60885,QYV,2,6VIX,2.116,6VIW
O60885,Q2F,2,8B96,1.338,8B98
O60885,OWO,2,8IBQ,1.45,8IDH
Q9NP87,2TM,2,6P1T,1.7,6P1W
Q9NP87,0KX,2,6P1P,1.75,6P1V
Q9H8M2,QMG,2,6V14,1.7,6Y7L
Q9H8M2,H1B,2,6V1B,1.35,4UIW
Q9H2K2,UHB,2,4TK5,2.02,4BJ9
Q9H2K2,PE8,2,3TWR,1.55,3TWV
Q9H2K2,P34,2,4TJW,1.7,4BJB
Q9H2K2,F37,2,4BUY,1.9,5OWT
Q9H2K2,32X,2,4PNQ,1.85,4UVL
Q9H2K2,29F,2,5AKU,1.8,4BUD
Q9H2K2,20D,2,4HLH,1.75,4KZL
O95696,PW3,2,5AME,1.578,5POR
O95696,ACO,2,6MAK,2.13,5GK9
Q9NP87,GOA;UTP,2,5VZE,1.506,5VZH
Q9NP87,DTP,2,6IPL,1.64,6IPH
Q9NP87,DGT;DTT;PPV,2,7KSW,1.49,7KST
Q9NP87,DCP,2,6IPM,1.72,6IPI
Q9NP87,ATP,2,6AEC,1.72,6P1S
Q9NP87,8DG;DTT,2,6VF7,1.871,7KT3
O75530,LQD,2,5U69,1.28,5H15
O75530,73K,2,5WUK,2.03,5GSA
O75469,P06,2,7RIV,2.2,6HJ2
O75164,FUM,2,5FYC,2.261,5FYH
O75164,FO2,2,6H4U,2.21,6H4Q
O75164,2HG,2,2YBP,2.02,2YBK
O60885,YF6,2,7JKY,1.16,7JKZ
O60885,WSH,2,2YEL,1.65,2YEM
O60885,SQH,2,7C2Z,1.3,7C6P
O60885,R78,2,4O74,1.45,4OGI
Q9UGP5,CAC,2,1XSL,2.3,2GWS
Q9UGP5,1GC,2,3PNC,2.0,3PMN
Q9UGL1,OGA,2,5A1F,2.1,5FV3
Q9UGL1,FUM,2,5FY4,2.1,5FY5
Q9NZQ7,NAG,2,7SJQ,2.0,13FL
Q9NXA8,ADP,2,8Z55,1.83,8Z57
Q9NWZ3,STU,2,2NRY,2.15,2OIC
Q9NWZ3,8CG,2,8WTF,2.0,5UIU
Q9NUW8,VO4,2,1MU9,2.05,1NOP
Q9NUW8,SPM;VO4,2,1RFF,1.7,1RFI
Q9NUW8,OTR;OTS;SPM;VO4,2,1RGT,2.0,1RG2
Q9NUW8,GJP,2,6DJD,1.777,6DIM
Q9NUW8,GHM,2,6DHU,1.63,6DIE
Q9NTG7,CNA,2,8V2N,1.74,4FVT
Q9NTG7,BVB,2,4C78,2.0,4C7B
Q9NPB1,2O2,2,4YIK,1.483,6G22
O60885,KC3,2,8GPZ,1.528,32SN
O60885,JQ1,2,4QZS,1.45,3MXF
O60885,HCC,2,6AJV,1.45,6AJX
O60885,BMF,2,6V0U,1.4,5IGK
O60885,ACE;NH2,2,8CV6,1.7,8CV4
O60885,A1IGX,2,32SC,1.25,9FWX
O60885,9BM,2,4BW3,1.5,6DML
O60885,7QZ,2,7RUI,1.35,7RUH
O60885,5W2,2,5F63,1.45,7KO0
O60885,53W,2,5CFW,1.15,6DMJ
O60885,4WG,2,7K6H,1.5,5LRQ
O60885,4K4,2,5WA5,1.172,5VBO
O60885,2TA,2,4PS5,1.4,4OGJ
Q9UIF8,AC6,2,5PB8,1.649,5CQ8
Q9UIF8,53C,2,5CQ4,1.782,5PB9
Q9UGP5,TMP,2,9EWG,2.0,9EWD
Q9Y3Z3,CZF;DZ4,2,6TX0,2.01,6TXF
Q9Y251,6S6;NAG,2,5L9Y,1.88,5LA7
O43570,A1H9A,2,9F2N,1.21,9R0L
O43570,A1H92,2,9F30,1.12,9R0U
O43570,A1H89,2,9F2O,1.12,9R31
O15530,MP7,2,3NAX,1.75,3QC4
O15527,S5Y,2,6W0M,2.37,6W13
O15527,OXG,2,1HU0,2.35,9NZA
O15527,ANG,2,1M3Q,1.9,1LWV
O15393,GBS;NAG,2,7Y0E,2.39,8HD8
O15393,GBS,2,8V04,1.58,7MEQ
O15294,94T,2,5NPS,1.68,5NPR
O60674,T7I,2,8B8U,1.5,8C0A
O60674,R6V,2,6VS3,2.0,6VNC
O60674,Q8U,2,8BA3,1.4,8BA4
O60674,Q7F,2,8B9E,1.5,8B9H
P07900,WOE,2,3R4M,1.7,2XDX
P07900,Q2A,2,6U9A,1.65,6U9B
P07900,PU1,2,6EL5,1.67,1UYF
P07900,N6M,2,7S99,1.52,7S98
P07900,KFY,2,6OLX,1.43760580022,6N8X
Q9Y5P4,DDR,2,2Z9Z,1.74,2Z9Y
Q9Y5P4,9ML,2,5ZYJ,1.9,5ZYI
Q9Y5P4,9MC,2,5ZYK,1.55,5ZYL
Q9Y5P4,18C,2,2E3R,1.65,2E3Q
Q9Y5P4,16C,2,2E3P,1.4,2E3O
Q9Y4B6,LQH,2,8OG5,2.2,8OG6
Q9Y3Z3,DGT;TTP,2,4TO2,2.27,4QFZ
Q9Y3Z3,DGT;DTP,2,4MZ7,1.8,4QFX
Q9Y3Z3,DGT,2,4BZB,1.83,7LTT
Q9Y3Z3,DCP;GTP,2,4TNP,2.0,4RXR
Q9Y3Z3,DCP;DGT,2,4QFY,2.1,4TO3
